,driverId,position,points,year
0,642,1,30.0,1950
1,786,2,28.0,1950
2,579,3,27.0,1950
3,627,4,13.0,1950
4,647,5,11.0,1950
5,593,6,9.0,1950
6,701,7,6.0,1950
7,669,8,5.0,1950
8,768,9,4.0,1950
9,686,10,4.0,1950
10,589,11,4.0,1950
11,687,12,4.0,1950
12,741,13,3.0,1950
13,770,14,3.0,1950
14,793,15,3.0,1950
15,626,16,3.0,1950
16,802,17,3.0,1950
17,704,18,3.0,1950
18,697,19,2.0,1950
19,774,20,1.0,1950
20,794,21,1.0,1950
21,529,22,1.0,1950
22,773,23,0.0,1950
23,778,24,0.0,1950
24,772,25,0.0,1950
25,771,26,0.0,1950
26,766,27,0.0,1950
27,765,28,0.0,1950
28,776,29,0.0,1950
29,427,30,0.0,1950
30,780,31,0.0,1950
31,784,32,0.0,1950
32,801,33,0.0,1950
33,800,34,0.0,1950
34,799,35,0.0,1950
35,798,36,0.0,1950
36,797,37,0.0,1950
37,796,38,0.0,1950
38,795,39,0.0,1950
39,792,40,0.0,1950
40,791,41,0.0,1950
41,790,42,0.0,1950
42,789,43,0.0,1950
43,788,44,0.0,1950
44,763,45,0.0,1950
45,787,46,0.0,1950
46,785,47,0.0,1950
47,764,48,0.0,1950
48,729,49,0.0,1950
49,762,50,0.0,1950
50,756,51,0.0,1950
51,501,52,0.0,1950
52,509,53,0.0,1950
53,518,54,0.0,1950
54,520,55,0.0,1950
55,526,56,0.0,1950
56,537,57,0.0,1950
57,555,58,0.0,1950
58,559,59,0.0,1950
59,611,60,0.0,1950
60,615,61,0.0,1950
61,619,62,0.0,1950
62,630,63,0.0,1950
63,633,64,0.0,1950
64,640,65,0.0,1950
65,641,66,0.0,1950
66,653,67,0.0,1950
67,654,68,0.0,1950
68,658,69,0.0,1950
69,659,70,0.0,1950
70,660,71,0.0,1950
71,661,72,0.0,1950
72,666,73,0.0,1950
73,677,74,0.0,1950
74,726,75,0.0,1950
75,498,76,0.0,1950
76,731,77,0.0,1950
77,732,78,0.0,1950
78,740,79,0.0,1950
79,747,80,0.0,1950
80,803,81,0.0,1950
81,579,1,37.0,1951
82,647,2,28.0,1951
83,498,3,27.0,1951
84,642,4,22.0,1951
85,633,5,18.0,1951
86,641,6,10.0,1951
87,766,7,9.0,1951
88,697,8,7.0,1951
89,673,9,6.0,1951
90,686,10,5.0,1951
91,786,11,4.0,1951
92,627,12,3.0,1951
93,612,13,3.0,1951
94,763,14,3.0,1951
95,734,15,2.0,1951
96,640,16,2.0,1951
97,704,17,2.0,1951
98,658,18,2.0,1951
99,675,19,2.0,1951
100,728,20,0.0,1951
101,764,21,0.0,1951
102,729,22,0.0,1951
103,733,23,0.0,1951
104,756,24,0.0,1951
105,747,25,0.0,1951
106,741,26,0.0,1951
107,731,27,0.0,1951
108,732,28,0.0,1951
109,762,29,0.0,1951
110,765,30,0.0,1951
111,725,31,0.0,1951
112,776,32,0.0,1951
113,783,33,0.0,1951
114,782,34,0.0,1951
115,781,35,0.0,1951
116,780,36,0.0,1951
117,779,37,0.0,1951
118,778,38,0.0,1951
119,777,39,0.0,1951
120,775,40,0.0,1951
121,767,41,0.0,1951
122,774,42,0.0,1951
123,773,43,0.0,1951
124,772,44,0.0,1951
125,771,45,0.0,1951
126,770,46,0.0,1951
127,769,47,0.0,1951
128,768,48,0.0,1951
129,726,49,0.0,1951
130,427,50,0.0,1951
131,723,51,0.0,1951
132,534,52,0.0,1951
133,615,53,0.0,1951
134,611,54,0.0,1951
135,609,55,0.0,1951
136,593,56,0.0,1951
137,589,57,0.0,1951
138,580,58,0.0,1951
139,529,59,0.0,1951
140,721,60,0.0,1951
141,526,61,0.0,1951
142,521,62,0.0,1951
143,518,63,0.0,1951
144,501,64,0.0,1951
145,475,65,0.0,1951
146,449,66,0.0,1951
147,619,67,0.0,1951
148,622,68,0.0,1951
149,626,69,0.0,1951
150,629,70,0.0,1951
151,630,71,0.0,1951
152,653,72,0.0,1951
153,654,73,0.0,1951
154,657,74,0.0,1951
155,660,75,0.0,1951
156,661,76,0.0,1951
157,669,77,0.0,1951
158,670,78,0.0,1951
159,680,79,0.0,1951
160,429,80,0.0,1951
161,699,81,0.0,1951
162,700,82,0.0,1951
163,708,83,0.0,1951
164,687,84,0.0,1951
165,647,1,53.5,1952
166,642,2,27.0,1952
167,641,3,22.0,1952
168,723,4,10.0,1952
169,578,5,10.0,1952
170,626,6,9.0,1952
171,526,7,8.0,1952
172,633,8,8.0,1952
173,498,9,6.5,1952
174,509,10,6.0,1952
175,554,11,6.0,1952
176,611,12,4.0,1952
177,663,13,3.0,1952
178,518,14,3.0,1952
179,742,15,3.0,1952
180,656,16,2.0,1952
181,689,17,2.0,1952
182,697,18,2.0,1952
183,632,19,2.0,1952
184,743,20,2.0,1952
185,427,21,2.0,1952
186,657,22,1.0,1952
187,749,23,0.0,1952
188,737,24,0.0,1952
189,735,25,0.0,1952
190,734,26,0.0,1952
191,733,27,0.0,1952
192,732,28,0.0,1952
193,759,29,0.0,1952
194,731,30,0.0,1952
195,760,31,0.0,1952
196,730,32,0.0,1952
197,729,33,0.0,1952
198,728,34,0.0,1952
199,727,35,0.0,1952
200,726,36,0.0,1952
201,725,37,0.0,1952
202,724,38,0.0,1952
203,761,39,0.0,1952
204,722,40,0.0,1952
205,736,41,0.0,1952
206,738,42,0.0,1952
207,748,43,0.0,1952
208,720,44,0.0,1952
209,747,45,0.0,1952
210,746,46,0.0,1952
211,750,47,0.0,1952
212,745,48,0.0,1952
213,744,49,0.0,1952
214,751,50,0.0,1952
215,752,51,0.0,1952
216,753,52,0.0,1952
217,758,53,0.0,1952
218,754,54,0.0,1952
219,755,55,0.0,1952
220,756,56,0.0,1952
221,741,57,0.0,1952
222,757,58,0.0,1952
223,740,59,0.0,1952
224,739,60,0.0,1952
225,721,61,0.0,1952
226,702,62,0.0,1952
227,717,63,0.0,1952
228,592,64,0.0,1952
229,628,65,0.0,1952
230,627,66,0.0,1952
231,625,67,0.0,1952
232,622,68,0.0,1952
233,615,69,0.0,1952
234,612,70,0.0,1952
235,609,71,0.0,1952
236,593,72,0.0,1952
237,581,73,0.0,1952
238,640,74,0.0,1952
239,529,75,0.0,1952
240,525,76,0.0,1952
241,521,77,0.0,1952
242,520,78,0.0,1952
243,513,79,0.0,1952
244,501,80,0.0,1952
245,475,81,0.0,1952
246,456,82,0.0,1952
247,629,83,0.0,1952
248,651,84,0.0,1952
249,715,85,0.0,1952
250,699,86,0.0,1952
251,712,87,0.0,1952
252,710,88,0.0,1952
253,709,89,0.0,1952
254,708,90,0.0,1952
255,705,91,0.0,1952
256,704,92,0.0,1952
257,703,93,0.0,1952
258,449,94,0.0,1952
259,692,95,0.0,1952
260,658,96,0.0,1952
261,688,97,0.0,1952
262,687,98,0.0,1952
263,686,99,0.0,1952
264,677,100,0.0,1952
265,675,101,0.0,1952
266,669,102,0.0,1952
267,664,103,0.0,1952
268,660,104,0.0,1952
269,762,105,0.0,1952
270,647,1,46.5,1953
271,642,2,32.0,1953
272,579,3,29.5,1953
273,578,4,27.0,1953
274,633,5,17.0,1953
275,498,6,14.5,1953
276,657,7,9.0,1953
277,640,8,7.0,1953
278,697,9,6.5,1953
279,656,10,6.0,1953
280,427,11,4.0,1953
281,670,12,4.0,1953
282,691,13,2.0,1953
283,611,14,2.0,1953
284,518,15,2.0,1953
285,695,16,2.0,1953
286,658,17,2.0,1953
287,555,18,1.5,1953
288,615,19,1.5,1953
289,696,20,0.0,1953
290,693,21,0.0,1953
291,667,22,0.0,1953
292,669,23,0.0,1953
293,692,24,0.0,1953
294,677,25,0.0,1953
295,690,26,0.0,1953
296,679,27,0.0,1953
297,689,28,0.0,1953
298,687,29,0.0,1953
299,673,30,0.0,1953
300,680,31,0.0,1953
301,675,32,0.0,1953
302,681,33,0.0,1953
303,700,34,0.0,1953
304,698,35,0.0,1953
305,712,36,0.0,1953
306,797,37,0.0,1953
307,722,38,0.0,1953
308,721,39,0.0,1953
309,720,40,0.0,1953
310,719,41,0.0,1953
311,718,42,0.0,1953
312,717,43,0.0,1953
313,716,44,0.0,1953
314,715,45,0.0,1953
315,714,46,0.0,1953
316,713,47,0.0,1953
317,711,48,0.0,1953
318,699,49,0.0,1953
319,710,50,0.0,1953
320,709,51,0.0,1953
321,708,52,0.0,1953
322,707,53,0.0,1953
323,706,54,0.0,1953
324,705,55,0.0,1953
325,704,56,0.0,1953
326,703,57,0.0,1953
327,702,58,0.0,1953
328,701,59,0.0,1953
329,664,60,0.0,1953
330,666,61,0.0,1953
331,655,62,0.0,1953
332,663,63,0.0,1953
333,512,64,0.0,1953
334,559,65,0.0,1953
335,556,66,0.0,1953
336,554,67,0.0,1953
337,529,68,0.0,1953
338,528,69,0.0,1953
339,525,70,0.0,1953
340,521,71,0.0,1953
341,520,72,0.0,1953
342,513,73,0.0,1953
343,509,74,0.0,1953
344,660,75,0.0,1953
345,501,76,0.0,1953
346,496,77,0.0,1953
347,486,78,0.0,1953
348,478,79,0.0,1953
349,475,80,0.0,1953
350,456,81,0.0,1953
351,455,82,0.0,1953
352,449,83,0.0,1953
353,431,84,0.0,1953
354,577,85,0.0,1953
355,581,86,0.0,1953
356,589,87,0.0,1953
357,593,88,0.0,1953
358,659,89,0.0,1953
359,429,90,0.0,1953
360,654,91,0.0,1953
361,653,92,0.0,1953
362,651,93,0.0,1953
363,649,94,0.0,1953
364,644,95,0.0,1953
365,643,96,0.0,1953
366,632,97,0.0,1953
367,630,98,0.0,1953
368,628,99,0.0,1953
369,627,100,0.0,1953
370,626,101,0.0,1953
371,625,102,0.0,1953
372,622,103,0.0,1953
373,620,104,0.0,1953
374,619,105,0.0,1953
375,613,106,0.0,1953
376,612,107,0.0,1953
377,804,108,0.0,1953
378,579,1,57.14,1954
379,498,2,26.64,1954
380,578,3,24.64,1954
381,427,4,17.0,1954
382,648,5,12.0,1954
383,478,6,8.0,1954
384,657,7,8.0,1954
385,643,8,6.0,1954
386,577,9,6.0,1954
387,642,10,6.0,1954
388,525,11,6.0,1954
389,658,12,5.0,1954
390,670,13,4.14,1954
391,644,14,4.0,1954
392,475,15,4.0,1954
393,626,16,4.0,1954
394,669,17,3.0,1954
395,620,18,2.0,1954
396,625,19,2.0,1954
397,429,20,2.0,1954
398,673,21,2.0,1954
399,633,22,2.0,1954
400,518,23,1.5,1954
401,526,24,1.5,1954
402,647,25,1.0,1954
403,665,26,0.0,1954
404,663,27,0.0,1954
405,659,28,0.0,1954
406,655,29,0.0,1954
407,656,30,0.0,1954
408,671,31,0.0,1954
409,672,32,0.0,1954
410,674,33,0.0,1954
411,679,34,0.0,1954
412,675,35,0.0,1954
413,676,36,0.0,1954
414,799,37,0.0,1954
415,730,38,0.0,1954
416,702,39,0.0,1954
417,694,40,0.0,1954
418,693,41,0.0,1954
419,692,42,0.0,1954
420,691,43,0.0,1954
421,690,44,0.0,1954
422,689,45,0.0,1954
423,688,46,0.0,1954
424,687,47,0.0,1954
425,686,48,0.0,1954
426,685,49,0.0,1954
427,684,50,0.0,1954
428,683,51,0.0,1954
429,682,52,0.0,1954
430,681,53,0.0,1954
431,680,54,0.0,1954
432,653,55,0.0,1954
433,678,56,0.0,1954
434,677,57,0.0,1954
435,654,58,0.0,1954
436,640,59,0.0,1954
437,651,60,0.0,1954
438,520,61,0.0,1954
439,555,62,0.0,1954
440,554,63,0.0,1954
441,547,64,0.0,1954
442,541,65,0.0,1954
443,529,66,0.0,1954
444,528,67,0.0,1954
445,521,68,0.0,1954
446,519,69,0.0,1954
447,650,70,0.0,1954
448,513,71,0.0,1954
449,512,72,0.0,1954
450,509,73,0.0,1954
451,501,74,0.0,1954
452,496,75,0.0,1954
453,456,76,0.0,1954
454,449,77,0.0,1954
455,556,78,0.0,1954
456,559,79,0.0,1954
457,580,80,0.0,1954
458,581,81,0.0,1954
459,645,82,0.0,1954
460,641,83,0.0,1954
461,638,84,0.0,1954
462,632,85,0.0,1954
463,628,86,0.0,1954
464,627,87,0.0,1954
465,619,88,0.0,1954
466,615,89,0.0,1954
467,613,90,0.0,1954
468,612,91,0.0,1954
469,611,92,0.0,1954
470,597,93,0.0,1954
471,596,94,0.0,1954
472,593,95,0.0,1954
473,592,96,0.0,1954
474,805,97,0.0,1954
475,579,1,41.0,1955
476,475,2,23.0,1955
477,608,3,12.0,1955
478,427,4,11.33,1955
479,642,5,10.33,1955
480,641,6,9.0,1955
481,628,7,8.0,1955
482,643,8,7.0,1955
483,554,9,6.0,1955
484,577,10,6.0,1955
485,648,11,5.0,1955
486,653,12,4.0,1955
487,529,13,3.0,1955
488,555,14,3.0,1955
489,512,15,3.0,1955
490,632,16,3.0,1955
491,633,17,2.0,1955
492,498,18,2.0,1955
493,496,19,2.0,1955
494,607,20,2.0,1955
495,620,21,1.33,1955
496,519,22,1.0,1955
497,657,23,1.0,1955
498,654,24,1.0,1955
499,478,25,1.0,1955
500,644,26,0.0,1955
501,631,27,0.0,1955
502,645,28,0.0,1955
503,646,29,0.0,1955
504,647,30,0.0,1955
505,356,31,0.0,1955
506,649,32,0.0,1955
507,650,33,0.0,1955
508,667,34,0.0,1955
509,666,35,0.0,1955
510,665,36,0.0,1955
511,664,37,0.0,1955
512,663,38,0.0,1955
513,662,39,0.0,1955
514,661,40,0.0,1955
515,660,41,0.0,1955
516,659,42,0.0,1955
517,658,43,0.0,1955
518,656,44,0.0,1955
519,655,45,0.0,1955
520,626,46,0.0,1955
521,652,47,0.0,1955
522,651,48,0.0,1955
523,627,49,0.0,1955
524,609,50,0.0,1955
525,625,51,0.0,1955
526,523,52,0.0,1955
527,547,53,0.0,1955
528,538,54,0.0,1955
529,533,55,0.0,1955
530,532,56,0.0,1955
531,528,57,0.0,1955
532,525,58,0.0,1955
533,518,59,0.0,1955
534,624,60,0.0,1955
535,513,61,0.0,1955
536,509,62,0.0,1955
537,501,63,0.0,1955
538,486,64,0.0,1955
539,456,65,0.0,1955
540,449,66,0.0,1955
541,556,67,0.0,1955
542,558,68,0.0,1955
543,559,69,0.0,1955
544,561,70,0.0,1955
545,563,71,0.0,1955
546,578,72,0.0,1955
547,581,73,0.0,1955
548,586,74,0.0,1955
549,589,75,0.0,1955
550,592,76,0.0,1955
551,593,77,0.0,1955
552,596,78,0.0,1955
553,597,79,0.0,1955
554,611,80,0.0,1955
555,612,81,0.0,1955
556,615,82,0.0,1955
557,623,83,0.0,1955
558,668,84,0.0,1955
559,579,1,34.5,1956
560,475,2,28.0,1956
561,581,3,25.0,1956
562,554,4,22.0,1956
563,559,5,8.0,1956
564,608,6,7.5,1956
565,611,7,6.0,1956
566,632,8,6.0,1956
567,580,9,6.0,1956
568,486,10,5.0,1956
569,541,11,4.0,1956
570,578,12,4.0,1956
571,577,13,4.0,1956
572,528,14,4.0,1956
573,593,15,3.0,1956
574,501,16,3.0,1956
575,607,17,3.0,1956
576,606,18,3.0,1956
577,482,19,2.0,1956
578,537,20,2.0,1956
579,624,21,2.0,1956
580,627,22,2.0,1956
581,633,23,2.0,1956
582,547,24,2.0,1956
583,583,25,1.5,1956
584,622,26,1.5,1956
585,555,27,1.0,1956
586,597,28,0.0,1956
587,610,29,0.0,1956
588,612,30,0.0,1956
589,615,31,0.0,1956
590,609,32,0.0,1956
591,623,33,0.0,1956
592,619,34,0.0,1956
593,620,35,0.0,1956
594,641,36,0.0,1956
595,640,37,0.0,1956
596,639,38,0.0,1956
597,638,39,0.0,1956
598,637,40,0.0,1956
599,636,41,0.0,1956
600,635,42,0.0,1956
601,634,43,0.0,1956
602,631,44,0.0,1956
603,630,45,0.0,1956
604,629,46,0.0,1956
605,628,47,0.0,1956
606,626,48,0.0,1956
607,625,49,0.0,1956
608,595,50,0.0,1956
609,596,51,0.0,1956
610,347,52,0.0,1956
611,594,53,0.0,1956
612,516,54,0.0,1956
613,427,55,0.0,1956
614,429,56,0.0,1956
615,449,57,0.0,1956
616,456,58,0.0,1956
617,476,59,0.0,1956
618,479,60,0.0,1956
619,483,61,0.0,1956
620,496,62,0.0,1956
621,498,63,0.0,1956
622,506,64,0.0,1956
623,509,65,0.0,1956
624,512,66,0.0,1956
625,513,67,0.0,1956
626,514,68,0.0,1956
627,520,69,0.0,1956
628,592,70,0.0,1956
629,525,71,0.0,1956
630,526,72,0.0,1956
631,529,73,0.0,1956
632,532,74,0.0,1956
633,533,75,0.0,1956
634,538,76,0.0,1956
635,556,77,0.0,1956
636,558,78,0.0,1956
637,561,79,0.0,1956
638,562,80,0.0,1956
639,356,81,0.0,1956
640,585,82,0.0,1956
641,586,83,0.0,1956
642,589,84,0.0,1956
643,806,85,0.0,1956
644,579,1,46.0,1957
645,475,2,25.0,1957
646,577,3,16.0,1957
647,578,4,13.0,1957
648,479,5,11.0,1957
649,418,6,10.0,1957
650,501,7,10.0,1957
651,581,8,8.0,1957
652,611,9,8.0,1957
653,509,10,7.0,1957
654,554,11,6.0,1957
655,427,12,5.0,1957
656,590,13,5.0,1957
657,496,14,4.0,1957
658,476,15,4.0,1957
659,525,16,4.0,1957
660,555,17,3.0,1957
661,612,18,2.0,1957
662,456,19,2.0,1957
663,483,20,1.0,1957
664,606,21,1.0,1957
665,498,22,1.0,1957
666,573,23,0.0,1957
667,613,24,0.0,1957
668,621,25,0.0,1957
669,620,26,0.0,1957
670,580,27,0.0,1957
671,619,28,0.0,1957
672,586,29,0.0,1957
673,614,30,0.0,1957
674,618,31,0.0,1957
675,592,32,0.0,1957
676,593,33,0.0,1957
677,594,34,0.0,1957
678,596,35,0.0,1957
679,597,36,0.0,1957
680,615,37,0.0,1957
681,616,38,0.0,1957
682,607,39,0.0,1957
683,608,40,0.0,1957
684,617,41,0.0,1957
685,609,42,0.0,1957
686,610,43,0.0,1957
687,601,44,0.0,1957
688,347,45,0.0,1957
689,565,46,0.0,1957
690,526,47,0.0,1957
691,430,48,0.0,1957
692,431,49,0.0,1957
693,449,50,0.0,1957
694,459,51,0.0,1957
695,478,52,0.0,1957
696,484,53,0.0,1957
697,486,54,0.0,1957
698,506,55,0.0,1957
699,512,56,0.0,1957
700,513,57,0.0,1957
701,514,58,0.0,1957
702,516,59,0.0,1957
703,520,60,0.0,1957
704,527,61,0.0,1957
705,563,62,0.0,1957
706,528,63,0.0,1957
707,529,64,0.0,1957
708,532,65,0.0,1957
709,533,66,0.0,1957
710,538,67,0.0,1957
711,541,68,0.0,1957
712,547,69,0.0,1957
713,549,70,0.0,1957
714,356,71,0.0,1957
715,556,72,0.0,1957
716,558,73,0.0,1957
717,560,74,0.0,1957
718,562,75,0.0,1957
719,638,76,0.0,1957
720,578,1,49.0,1958
721,475,2,41.0,1958
722,479,3,24.0,1958
723,456,4,15.0,1958
724,581,5,14.0,1958
725,501,6,14.0,1958
726,427,7,12.0,1958
727,577,8,12.0,1958
728,590,9,11.0,1958
729,476,10,9.0,1958
730,403,11,9.0,1958
731,554,12,9.0,1958
732,525,13,8.0,1958
733,579,14,7.0,1958
734,591,15,6.0,1958
735,533,16,4.0,1958
736,529,17,4.0,1958
737,477,18,3.0,1958
738,356,19,3.0,1958
739,347,20,3.0,1958
740,509,21,2.0,1958
741,583,22,0.0,1958
742,582,23,0.0,1958
743,566,24,0.0,1958
744,580,25,0.0,1958
745,562,26,0.0,1958
746,585,27,0.0,1958
747,563,28,0.0,1958
748,564,29,0.0,1958
749,565,30,0.0,1958
750,584,31,0.0,1958
751,289,32,0.0,1958
752,586,33,0.0,1958
753,597,34,0.0,1958
754,604,35,0.0,1958
755,603,36,0.0,1958
756,602,37,0.0,1958
757,601,38,0.0,1958
758,600,39,0.0,1958
759,599,40,0.0,1958
760,598,41,0.0,1958
761,596,42,0.0,1958
762,587,43,0.0,1958
763,595,44,0.0,1958
764,594,45,0.0,1958
765,593,46,0.0,1958
766,592,47,0.0,1958
767,558,48,0.0,1958
768,589,49,0.0,1958
769,588,50,0.0,1958
770,560,51,0.0,1958
771,541,52,0.0,1958
772,555,53,0.0,1958
773,459,54,0.0,1958
774,496,55,0.0,1958
775,486,56,0.0,1958
776,484,57,0.0,1958
777,483,58,0.0,1958
778,482,59,0.0,1958
779,478,60,0.0,1958
780,455,61,0.0,1958
781,510,62,0.0,1958
782,449,63,0.0,1958
783,437,64,0.0,1958
784,431,65,0.0,1958
785,430,66,0.0,1958
786,418,67,0.0,1958
787,360,68,0.0,1958
788,502,69,0.0,1958
789,512,70,0.0,1958
790,553,71,0.0,1958
791,536,72,0.0,1958
792,551,73,0.0,1958
793,549,74,0.0,1958
794,547,75,0.0,1958
795,543,76,0.0,1958
796,539,77,0.0,1958
797,537,78,0.0,1958
798,531,79,0.0,1958
799,513,80,0.0,1958
800,528,81,0.0,1958
801,527,82,0.0,1958
802,526,83,0.0,1958
803,523,84,0.0,1958
804,516,85,0.0,1958
805,514,86,0.0,1958
806,605,87,0.0,1958
807,356,1,34.0,1959
808,479,2,27.0,1959
809,475,3,25.5,1959
810,403,4,20.0,1959
811,427,5,19.0,1959
812,360,6,16.5,1959
813,364,7,13.0,1959
814,347,8,10.0,1959
815,418,9,10.0,1959
816,449,10,8.0,1959
817,509,11,6.0,1959
818,512,12,5.0,1959
819,404,13,5.0,1959
820,501,14,5.0,1959
821,482,15,3.0,1959
822,529,16,3.0,1959
823,510,17,2.0,1959
824,554,18,2.0,1959
825,477,19,2.0,1959
826,555,20,0.0,1959
827,553,21,0.0,1959
828,289,22,0.0,1959
829,552,23,0.0,1959
830,551,24,0.0,1959
831,550,25,0.0,1959
832,557,26,0.0,1959
833,549,27,0.0,1959
834,543,28,0.0,1959
835,542,29,0.0,1959
836,541,30,0.0,1959
837,540,31,0.0,1959
838,538,32,0.0,1959
839,556,33,0.0,1959
840,562,34,0.0,1959
841,558,35,0.0,1959
842,568,36,0.0,1959
843,575,37,0.0,1959
844,574,38,0.0,1959
845,573,39,0.0,1959
846,572,40,0.0,1959
847,571,41,0.0,1959
848,570,42,0.0,1959
849,569,43,0.0,1959
850,567,44,0.0,1959
851,559,45,0.0,1959
852,566,46,0.0,1959
853,565,47,0.0,1959
854,564,48,0.0,1959
855,563,49,0.0,1959
856,536,50,0.0,1959
857,561,51,0.0,1959
858,560,52,0.0,1959
859,537,53,0.0,1959
860,520,54,0.0,1959
861,535,55,0.0,1959
862,441,56,0.0,1959
863,481,57,0.0,1959
864,478,58,0.0,1959
865,476,59,0.0,1959
866,465,60,0.0,1959
867,462,61,0.0,1959
868,456,62,0.0,1959
869,437,63,0.0,1959
870,533,64,0.0,1959
871,432,65,0.0,1959
872,430,66,0.0,1959
873,401,67,0.0,1959
874,387,68,0.0,1959
875,376,69,0.0,1959
876,353,70,0.0,1959
877,483,71,0.0,1959
878,484,72,0.0,1959
879,486,73,0.0,1959
880,502,74,0.0,1959
881,505,75,0.0,1959
882,506,76,0.0,1959
883,511,77,0.0,1959
884,513,78,0.0,1959
885,514,79,0.0,1959
886,516,80,0.0,1959
887,517,81,0.0,1959
888,518,82,0.0,1959
889,522,83,0.0,1959
890,525,84,0.0,1959
891,527,85,0.0,1959
892,528,86,0.0,1959
893,531,87,0.0,1959
894,576,88,0.0,1959
895,356,1,43.0,1960
896,360,2,37.0,1960
897,475,3,19.0,1960
898,404,4,18.0,1960
899,403,5,16.0,1960
900,482,6,10.0,1960
901,476,7,10.0,1960
902,509,8,8.0,1960
903,373,9,8.0,1960
904,386,10,8.0,1960
905,479,11,7.0,1960
906,477,12,6.0,1960
907,341,13,6.0,1960
908,449,14,6.0,1960
909,435,15,4.0,1960
910,510,16,4.0,1960
911,289,17,4.0,1960
912,347,18,4.0,1960
913,511,19,3.0,1960
914,496,20,3.0,1960
915,543,21,3.0,1960
916,481,22,3.0,1960
917,512,23,2.0,1960
918,376,24,1.0,1960
919,513,25,1.0,1960
920,541,26,1.0,1960
921,478,27,1.0,1960
922,540,28,0.0,1960
923,525,29,0.0,1960
924,524,30,0.0,1960
925,523,31,0.0,1960
926,546,32,0.0,1960
927,521,33,0.0,1960
928,522,34,0.0,1960
929,527,35,0.0,1960
930,520,36,0.0,1960
931,519,37,0.0,1960
932,518,38,0.0,1960
933,547,39,0.0,1960
934,526,40,0.0,1960
935,529,41,0.0,1960
936,528,42,0.0,1960
937,530,43,0.0,1960
938,531,44,0.0,1960
939,532,45,0.0,1960
940,533,46,0.0,1960
941,545,47,0.0,1960
942,516,48,0.0,1960
943,544,49,0.0,1960
944,534,50,0.0,1960
945,535,51,0.0,1960
946,536,52,0.0,1960
947,542,53,0.0,1960
948,537,54,0.0,1960
949,538,55,0.0,1960
950,539,56,0.0,1960
951,517,57,0.0,1960
952,503,58,0.0,1960
953,515,59,0.0,1960
954,483,60,0.0,1960
955,353,61,0.0,1960
956,364,62,0.0,1960
957,398,63,0.0,1960
958,418,64,0.0,1960
959,427,65,0.0,1960
960,430,66,0.0,1960
961,431,67,0.0,1960
962,432,68,0.0,1960
963,437,69,0.0,1960
964,439,70,0.0,1960
965,440,71,0.0,1960
966,455,72,0.0,1960
967,456,73,0.0,1960
968,465,74,0.0,1960
969,484,75,0.0,1960
970,514,76,0.0,1960
971,486,77,0.0,1960
972,491,78,0.0,1960
973,494,79,0.0,1960
974,497,80,0.0,1960
975,498,81,0.0,1960
976,499,82,0.0,1960
977,500,83,0.0,1960
978,501,84,0.0,1960
979,502,85,0.0,1960
980,504,86,0.0,1960
981,505,87,0.0,1960
982,506,88,0.0,1960
983,507,89,0.0,1960
984,508,90,0.0,1960
985,548,91,0.0,1960
986,403,1,38.0,1961
987,476,2,33.0,1961
988,475,3,21.0,1961
989,364,4,21.0,1961
990,386,5,16.0,1961
991,404,6,12.0,1961
992,360,7,11.0,1961
993,373,8,11.0,1961
994,394,9,9.0,1961
995,479,10,6.0,1961
996,341,11,4.0,1961
997,356,12,4.0,1961
998,482,13,3.0,1961
999,453,14,3.0,1961
1000,347,15,3.0,1961
1001,289,16,3.0,1961
1002,456,17,2.0,1961
1003,478,18,0.0,1961
1004,480,19,0.0,1961
1005,468,20,0.0,1961
1006,477,21,0.0,1961
1007,467,22,0.0,1961
1008,481,23,0.0,1961
1009,487,24,0.0,1961
1010,483,25,0.0,1961
1011,484,26,0.0,1961
1012,485,27,0.0,1961
1013,486,28,0.0,1961
1014,460,29,0.0,1961
1015,488,30,0.0,1961
1016,489,31,0.0,1961
1017,490,32,0.0,1961
1018,491,33,0.0,1961
1019,492,34,0.0,1961
1020,493,35,0.0,1961
1021,494,36,0.0,1961
1022,465,37,0.0,1961
1023,447,38,0.0,1961
1024,459,39,0.0,1961
1025,455,40,0.0,1961
1026,376,41,0.0,1961
1027,385,42,0.0,1961
1028,401,43,0.0,1961
1029,408,44,0.0,1961
1030,418,45,0.0,1961
1031,424,46,0.0,1961
1032,425,47,0.0,1961
1033,427,48,0.0,1961
1034,428,49,0.0,1961
1035,429,50,0.0,1961
1036,430,51,0.0,1961
1037,431,52,0.0,1961
1038,433,53,0.0,1961
1039,434,54,0.0,1961
1040,435,55,0.0,1961
1041,436,56,0.0,1961
1042,437,57,0.0,1961
1043,440,58,0.0,1961
1044,441,59,0.0,1961
1045,444,60,0.0,1961
1046,454,61,0.0,1961
1047,495,62,0.0,1961
1048,289,1,52.0,1962
1049,360,2,32.0,1962
1050,373,3,30.0,1962
1051,341,4,19.0,1962
1052,364,5,15.0,1962
1053,403,6,14.0,1962
1054,408,7,13.0,1962
1055,386,8,10.0,1962
1056,356,9,9.0,1962
1057,401,10,6.0,1962
1058,394,11,5.0,1962
1059,454,12,4.0,1962
1060,385,13,4.0,1962
1061,435,14,3.0,1962
1062,347,15,3.0,1962
1063,430,16,2.0,1962
1064,404,17,2.0,1962
1065,418,18,1.0,1962
1066,410,19,1.0,1962
1067,453,20,0.0,1962
1068,469,21,0.0,1962
1069,455,22,0.0,1962
1070,456,23,0.0,1962
1071,457,24,0.0,1962
1072,458,25,0.0,1962
1073,459,26,0.0,1962
1074,460,27,0.0,1962
1075,461,28,0.0,1962
1076,462,29,0.0,1962
1077,470,30,0.0,1962
1078,463,31,0.0,1962
1079,472,32,0.0,1962
1080,464,33,0.0,1962
1081,471,34,0.0,1962
1082,466,35,0.0,1962
1083,467,36,0.0,1962
1084,473,37,0.0,1962
1085,468,38,0.0,1962
1086,465,39,0.0,1962
1087,436,40,0.0,1962
1088,446,41,0.0,1962
1089,427,42,0.0,1962
1090,346,43,0.0,1962
1091,368,44,0.0,1962
1092,376,45,0.0,1962
1093,397,46,0.0,1962
1094,411,47,0.0,1962
1095,413,48,0.0,1962
1096,424,49,0.0,1962
1097,425,50,0.0,1962
1098,428,51,0.0,1962
1099,445,52,0.0,1962
1100,434,53,0.0,1962
1101,340,54,0.0,1962
1102,437,55,0.0,1962
1103,438,56,0.0,1962
1104,439,57,0.0,1962
1105,440,58,0.0,1962
1106,442,59,0.0,1962
1107,444,60,0.0,1962
1108,474,61,0.0,1962
1109,373,1,73.0,1963
1110,386,2,34.0,1963
1111,289,3,29.0,1963
1112,341,4,22.0,1963
1113,364,5,19.0,1963
1114,360,6,17.0,1963
1115,356,7,14.0,1963
1116,408,8,9.0,1963
1117,404,9,6.0,1963
1118,385,10,6.0,1963
1119,347,11,6.0,1963
1120,423,12,3.0,1963
1121,440,13,3.0,1963
1122,430,14,2.0,1963
1123,375,15,1.0,1963
1124,346,16,1.0,1963
1125,401,17,1.0,1963
1126,439,18,0.0,1963
1127,436,19,0.0,1963
1128,437,20,0.0,1963
1129,435,21,0.0,1963
1130,438,22,0.0,1963
1131,434,23,0.0,1963
1132,433,24,0.0,1963
1133,432,25,0.0,1963
1134,278,26,0.0,1963
1135,441,27,0.0,1963
1136,429,28,0.0,1963
1137,443,29,0.0,1963
1138,444,30,0.0,1963
1139,445,31,0.0,1963
1140,446,32,0.0,1963
1141,447,33,0.0,1963
1142,448,34,0.0,1963
1143,449,35,0.0,1963
1144,450,36,0.0,1963
1145,451,37,0.0,1963
1146,442,38,0.0,1963
1147,411,39,0.0,1963
1148,428,40,0.0,1963
1149,383,41,0.0,1963
1150,305,42,0.0,1963
1151,310,43,0.0,1963
1152,340,44,0.0,1963
1153,345,45,0.0,1963
1154,362,46,0.0,1963
1155,368,47,0.0,1963
1156,374,48,0.0,1963
1157,376,49,0.0,1963
1158,382,50,0.0,1963
1159,394,51,0.0,1963
1160,427,52,0.0,1963
1161,397,53,0.0,1963
1162,403,54,0.0,1963
1163,407,55,0.0,1963
1164,409,56,0.0,1963
1165,410,57,0.0,1963
1166,412,58,0.0,1963
1167,413,59,0.0,1963
1168,418,60,0.0,1963
1169,420,61,0.0,1963
1170,452,62,0.0,1963
1171,289,1,41.0,1964
1172,341,2,40.0,1964
1173,373,3,32.0,1964
1174,386,4,23.0,1964
1175,385,5,23.0,1964
1176,364,6,19.0,1964
1177,360,7,13.0,1964
1178,356,8,11.0,1964
1179,397,9,11.0,1964
1180,346,10,7.0,1964
1181,383,11,5.0,1964
1182,408,12,4.0,1964
1183,404,13,4.0,1964
1184,374,14,4.0,1964
1185,347,15,3.0,1964
1186,427,16,2.0,1964
1187,433,17,2.0,1964
1188,278,18,2.0,1964
1189,305,19,1.0,1964
1190,401,20,1.0,1964
1191,403,21,1.0,1964
1192,345,22,1.0,1964
1193,382,23,0.0,1964
1194,420,24,0.0,1964
1195,432,25,0.0,1964
1196,431,26,0.0,1964
1197,430,27,0.0,1964
1198,429,28,0.0,1964
1199,428,29,0.0,1964
1200,309,30,0.0,1964
1201,423,31,0.0,1964
1202,405,32,0.0,1964
1203,340,33,0.0,1964
1204,380,34,0.0,1964
1205,402,35,0.0,1964
1206,399,36,0.0,1964
1207,358,37,0.0,1964
1208,394,38,0.0,1964
1209,370,39,0.0,1964
1210,375,40,0.0,1964
1211,434,41,0.0,1964
1212,373,1,54.0,1965
1213,289,2,47.0,1965
1214,328,3,34.0,1965
1215,364,4,25.0,1965
1216,341,5,17.0,1965
1217,385,6,13.0,1965
1218,386,7,11.0,1965
1219,374,8,10.0,1965
1220,360,9,10.0,1965
1221,356,10,9.0,1965
1222,304,11,5.0,1965
1223,346,12,5.0,1965
1224,358,13,4.0,1965
1225,345,14,2.0,1965
1226,370,15,2.0,1965
1227,405,16,2.0,1965
1228,414,17,0.0,1965
1229,413,18,0.0,1965
1230,416,19,0.0,1965
1231,412,20,0.0,1965
1232,411,21,0.0,1965
1233,410,22,0.0,1965
1234,415,23,0.0,1965
1235,419,24,0.0,1965
1236,417,25,0.0,1965
1237,418,26,0.0,1965
1238,408,27,0.0,1965
1239,420,28,0.0,1965
1240,421,29,0.0,1965
1241,422,30,0.0,1965
1242,423,31,0.0,1965
1243,424,32,0.0,1965
1244,425,33,0.0,1965
1245,409,34,0.0,1965
1246,278,35,0.0,1965
1247,407,36,0.0,1965
1248,375,37,0.0,1965
1249,293,38,0.0,1965
1250,305,39,0.0,1965
1251,334,40,0.0,1965
1252,340,41,0.0,1965
1253,347,42,0.0,1965
1254,362,43,0.0,1965
1255,368,44,0.0,1965
1256,376,45,0.0,1965
1257,406,46,0.0,1965
1258,380,47,0.0,1965
1259,382,48,0.0,1965
1260,383,49,0.0,1965
1261,394,50,0.0,1965
1262,396,51,0.0,1965
1263,402,52,0.0,1965
1264,404,53,0.0,1965
1265,426,54,0.0,1965
1266,356,1,45.0,1966
1267,341,2,28.0,1966
1268,358,3,24.0,1966
1269,304,4,18.0,1966
1270,289,5,17.0,1966
1271,373,6,16.0,1966
1272,328,7,14.0,1966
1273,387,8,12.0,1966
1274,385,9,12.0,1966
1275,375,10,9.0,1966
1276,386,11,5.0,1966
1277,364,12,4.0,1966
1278,374,13,4.0,1966
1279,396,14,3.0,1966
1280,346,15,3.0,1966
1281,360,16,3.0,1966
1282,383,17,1.0,1966
1283,399,18,1.0,1966
1284,347,19,1.0,1966
1285,397,20,1.0,1966
1286,403,21,0.0,1966
1287,402,22,0.0,1966
1288,401,23,0.0,1966
1289,400,24,0.0,1966
1290,404,25,0.0,1966
1291,278,26,0.0,1966
1292,398,27,0.0,1966
1293,394,28,0.0,1966
1294,389,29,0.0,1966
1295,388,30,0.0,1966
1296,382,31,0.0,1966
1297,345,32,0.0,1966
1298,405,33,0.0,1966
1299,304,1,51.0,1967
1300,356,2,48.0,1967
1301,373,3,41.0,1967
1302,278,4,20.0,1967
1303,341,5,20.0,1967
1304,289,6,15.0,1967
1305,345,7,15.0,1967
1306,364,8,13.0,1967
1307,328,9,10.0,1967
1308,374,10,9.0,1967
1309,358,11,6.0,1967
1310,340,12,6.0,1967
1311,346,13,6.0,1967
1312,360,14,3.0,1967
1313,347,15,3.0,1967
1314,383,16,2.0,1967
1315,387,17,2.0,1967
1316,388,18,2.0,1967
1317,375,19,1.0,1967
1318,235,20,1.0,1967
1319,389,21,1.0,1967
1320,382,22,0.0,1967
1321,391,23,0.0,1967
1322,386,24,0.0,1967
1323,385,25,0.0,1967
1324,384,26,0.0,1967
1325,392,27,0.0,1967
1326,393,28,0.0,1967
1327,394,29,0.0,1967
1328,390,30,0.0,1967
1329,365,31,0.0,1967
1330,379,32,0.0,1967
1331,377,33,0.0,1967
1332,371,34,0.0,1967
1333,370,35,0.0,1967
1334,368,36,0.0,1967
1335,262,37,0.0,1967
1336,361,38,0.0,1967
1337,359,39,0.0,1967
1338,351,40,0.0,1967
1339,326,41,0.0,1967
1340,322,42,0.0,1967
1341,306,43,0.0,1967
1342,293,44,0.0,1967
1343,395,45,0.0,1967
1344,289,1,48.0,1968
1345,328,2,36.0,1968
1346,304,3,33.0,1968
1347,235,4,27.0,1968
1348,360,5,22.0,1968
1349,345,6,18.0,1968
1350,341,7,12.0,1968
1351,346,8,12.0,1968
1352,306,9,11.0,1968
1353,278,10,10.0,1968
1354,373,11,9.0,1968
1355,358,12,8.0,1968
1356,375,13,6.0,1968
1357,359,14,6.0,1968
1358,370,15,6.0,1968
1359,262,16,6.0,1968
1360,376,17,5.0,1968
1361,350,18,5.0,1968
1362,312,19,4.0,1968
1363,361,20,4.0,1968
1364,347,21,3.0,1968
1365,364,22,3.0,1968
1366,351,23,2.0,1968
1367,356,24,2.0,1968
1368,369,25,0.0,1968
1369,374,26,0.0,1968
1370,377,27,0.0,1968
1371,378,28,0.0,1968
1372,379,29,0.0,1968
1373,380,30,0.0,1968
1374,381,31,0.0,1968
1375,207,32,0.0,1968
1376,368,33,0.0,1968
1377,365,34,0.0,1968
1378,343,35,0.0,1968
1379,340,36,0.0,1968
1380,334,37,0.0,1968
1381,333,38,0.0,1968
1382,322,39,0.0,1968
1383,321,40,0.0,1968
1384,293,41,0.0,1968
1385,280,42,0.0,1968
1386,382,43,0.0,1968
1387,328,1,63.0,1969
1388,235,2,37.0,1969
1389,360,3,26.0,1969
1390,358,4,22.0,1969
1391,306,5,21.0,1969
1392,304,6,20.0,1969
1393,289,7,19.0,1969
1394,361,8,16.0,1969
1395,346,9,15.0,1969
1396,356,10,14.0,1969
1397,341,11,6.0,1969
1398,278,12,4.0,1969
1399,350,13,3.0,1969
1400,345,14,3.0,1969
1401,370,15,3.0,1969
1402,359,16,1.0,1969
1403,351,17,1.0,1969
1404,262,18,1.0,1969
1405,368,19,0.0,1969
1406,362,20,0.0,1969
1407,371,21,0.0,1969
1408,369,22,0.0,1969
1409,207,23,0.0,1969
1410,357,24,0.0,1969
1411,353,25,0.0,1969
1412,352,26,0.0,1969
1413,347,27,0.0,1969
1414,343,28,0.0,1969
1415,340,29,0.0,1969
1416,321,30,0.0,1969
1417,372,31,0.0,1969
1418,358,1,45.0,1970
1419,235,2,40.0,1970
1420,223,3,33.0,1970
1421,304,4,27.0,1970
1422,356,5,25.0,1970
1423,328,6,25.0,1970
1424,345,7,23.0,1970
1425,278,8,23.0,1970
1426,306,9,16.0,1970
1427,224,10,12.0,1970
1428,243,11,10.0,1970
1429,280,12,8.0,1970
1430,289,13,7.0,1970
1431,360,14,6.0,1970
1432,207,15,4.0,1970
1433,317,16,4.0,1970
1434,363,17,3.0,1970
1435,341,18,3.0,1970
1436,262,19,2.0,1970
1437,359,20,2.0,1970
1438,357,21,2.0,1970
1439,320,22,1.0,1970
1440,321,23,1.0,1970
1441,327,24,1.0,1970
1442,364,25,1.0,1970
1443,353,26,0.0,1970
1444,362,27,0.0,1970
1445,361,28,0.0,1970
1446,365,29,0.0,1970
1447,366,30,0.0,1970
1448,333,31,0.0,1970
1449,352,32,0.0,1970
1450,351,33,0.0,1970
1451,347,34,0.0,1970
1452,346,35,0.0,1970
1453,340,36,0.0,1970
1454,339,37,0.0,1970
1455,330,38,0.0,1970
1456,314,39,0.0,1970
1457,312,40,0.0,1970
1458,293,41,0.0,1970
1459,238,42,0.0,1970
1460,367,43,0.0,1970
1461,328,1,62.0,1971
1462,238,2,33.0,1971
1463,327,3,26.0,1971
1464,235,4,19.0,1971
1465,346,5,19.0,1971
1466,224,6,16.0,1971
1467,223,7,13.0,1971
1468,207,8,12.0,1971
1469,317,9,9.0,1971
1470,304,10,9.0,1971
1471,320,11,9.0,1971
1472,345,12,9.0,1971
1473,278,13,9.0,1971
1474,314,14,5.0,1971
1475,307,15,5.0,1971
1476,280,16,4.0,1971
1477,288,17,4.0,1971
1478,305,18,3.0,1971
1479,243,19,3.0,1971
1480,341,20,3.0,1971
1481,289,21,2.0,1971
1482,306,22,1.0,1971
1483,350,23,0.0,1971
1484,351,24,0.0,1971
1485,349,25,0.0,1971
1486,348,26,0.0,1971
1487,340,27,0.0,1971
1488,352,28,0.0,1971
1489,347,29,0.0,1971
1490,353,30,0.0,1971
1491,354,31,0.0,1971
1492,344,32,0.0,1971
1493,342,33,0.0,1971
1494,182,34,0.0,1971
1495,322,35,0.0,1971
1496,339,36,0.0,1971
1497,338,37,0.0,1971
1498,337,38,0.0,1971
1499,334,39,0.0,1971
1500,333,40,0.0,1971
1501,330,41,0.0,1971
1502,329,42,0.0,1971
1503,197,43,0.0,1971
1504,321,44,0.0,1971
1505,312,45,0.0,1971
1506,309,46,0.0,1971
1507,298,47,0.0,1971
1508,293,48,0.0,1971
1509,262,49,0.0,1971
1510,355,50,0.0,1971
1511,224,1,61.0,1972
1512,328,2,45.0,1972
1513,304,3,39.0,1972
1514,235,4,27.0,1972
1515,309,5,23.0,1972
1516,327,6,15.0,1972
1517,223,7,15.0,1972
1518,305,8,13.0,1972
1519,278,9,12.0,1972
1520,238,10,12.0,1972
1521,306,11,9.0,1972
1522,289,12,4.0,1972
1523,312,13,4.0,1972
1524,207,14,4.0,1972
1525,307,15,4.0,1972
1526,333,16,3.0,1972
1527,199,17,3.0,1972
1528,250,18,3.0,1972
1529,314,19,2.0,1972
1530,232,20,1.0,1972
1531,320,21,1.0,1972
1532,337,22,0.0,1972
1533,342,23,0.0,1972
1534,340,24,0.0,1972
1535,338,25,0.0,1972
1536,339,26,0.0,1972
1537,341,27,0.0,1972
1538,330,28,0.0,1972
1539,329,29,0.0,1972
1540,343,30,0.0,1972
1541,182,31,0.0,1972
1542,321,32,0.0,1972
1543,317,33,0.0,1972
1544,296,34,0.0,1972
1545,293,35,0.0,1972
1546,290,36,0.0,1972
1547,280,37,0.0,1972
1548,262,38,0.0,1972
1549,243,39,0.0,1972
1550,222,40,0.0,1972
1551,221,41,0.0,1972
1552,344,42,0.0,1972
1553,328,1,71.0,1973
1554,224,2,55.0,1973
1555,238,3,52.0,1973
1556,327,4,47.0,1973
1557,309,5,38.0,1973
1558,304,6,26.0,1973
1559,199,7,16.0,1973
1560,231,8,14.0,1973
1561,235,9,12.0,1973
1562,306,10,9.0,1973
1563,250,11,7.0,1973
1564,232,12,6.0,1973
1565,332,13,5.0,1973
1566,262,14,4.0,1973
1567,290,15,3.0,1973
1568,333,16,3.0,1973
1569,182,17,2.0,1973
1570,223,18,2.0,1973
1571,278,19,1.0,1973
1572,298,20,1.0,1973
1573,307,21,1.0,1973
1574,320,22,0.0,1973
1575,331,23,0.0,1973
1576,329,24,0.0,1973
1577,330,25,0.0,1973
1578,314,26,0.0,1973
1579,334,27,0.0,1973
1580,335,28,0.0,1973
1581,317,29,0.0,1973
1582,293,30,0.0,1973
1583,313,31,0.0,1973
1584,312,32,0.0,1973
1585,305,33,0.0,1973
1586,187,34,0.0,1973
1587,292,35,0.0,1973
1588,289,36,0.0,1973
1589,280,37,0.0,1973
1590,259,38,0.0,1973
1591,243,39,0.0,1973
1592,222,40,0.0,1973
1593,200,41,0.0,1973
1594,197,42,0.0,1973
1595,336,43,0.0,1973
1596,224,1,55.0,1974
1597,223,2,52.0,1974
1598,222,3,45.0,1974
1599,182,4,38.0,1974
1600,238,5,35.0,1974
1601,199,6,32.0,1974
1602,304,7,20.0,1974
1603,231,8,15.0,1974
1604,221,9,14.0,1974
1605,235,10,12.0,1974
1606,305,11,12.0,1974
1607,250,12,11.0,1974
1608,306,13,10.0,1974
1609,187,14,6.0,1974
1610,197,15,6.0,1974
1611,233,16,5.0,1974
1612,232,17,4.0,1974
1613,230,18,1.0,1974
1614,252,19,1.0,1974
1615,289,20,1.0,1974
1616,314,21,0.0,1974
1617,309,22,0.0,1974
1618,308,23,0.0,1974
1619,310,24,0.0,1974
1620,311,25,0.0,1974
1621,307,26,0.0,1974
1622,312,27,0.0,1974
1623,313,28,0.0,1974
1624,172,29,0.0,1974
1625,315,30,0.0,1974
1626,316,31,0.0,1974
1627,317,32,0.0,1974
1628,318,33,0.0,1974
1629,319,34,0.0,1974
1630,320,35,0.0,1974
1631,322,36,0.0,1974
1632,323,37,0.0,1974
1633,324,38,0.0,1974
1634,325,39,0.0,1974
1635,321,40,0.0,1974
1636,283,41,0.0,1974
1637,300,42,0.0,1974
1638,267,43,0.0,1974
1639,200,44,0.0,1974
1640,207,45,0.0,1974
1641,219,46,0.0,1974
1642,243,47,0.0,1974
1643,251,48,0.0,1974
1644,256,49,0.0,1974
1645,259,50,0.0,1974
1646,265,51,0.0,1974
1647,269,52,0.0,1974
1648,298,53,0.0,1974
1649,270,54,0.0,1974
1650,275,55,0.0,1974
1651,278,56,0.0,1974
1652,280,57,0.0,1974
1653,288,58,0.0,1974
1654,292,59,0.0,1974
1655,293,60,0.0,1974
1656,296,61,0.0,1974
1657,326,62,0.0,1974
1658,182,1,64.5,1975
1659,224,2,45.0,1975
1660,199,3,37.0,1975
1661,231,4,33.0,1975
1662,223,5,25.0,1975
1663,250,6,24.0,1975
1664,200,7,20.0,1975
1665,222,8,20.0,1975
1666,221,9,12.0,1975
1667,252,10,8.0,1975
1668,230,11,6.5,1975
1669,238,12,6.0,1975
1670,172,13,6.0,1975
1671,207,14,5.0,1975
1672,288,15,4.0,1975
1673,235,16,3.0,1975
1674,178,17,2.0,1975
1675,197,18,1.5,1975
1676,298,19,1.0,1975
1677,294,20,1.0,1975
1678,275,21,0.5,1975
1679,289,22,0.0,1975
1680,290,23,0.0,1975
1681,291,24,0.0,1975
1682,292,25,0.0,1975
1683,293,26,0.0,1975
1684,219,27,0.0,1975
1685,295,28,0.0,1975
1686,283,29,0.0,1975
1687,297,30,0.0,1975
1688,299,31,0.0,1975
1689,300,32,0.0,1975
1690,301,33,0.0,1975
1691,302,34,0.0,1975
1692,296,35,0.0,1975
1693,277,36,0.0,1975
1694,282,37,0.0,1975
1695,278,38,0.0,1975
1696,229,39,0.0,1975
1697,276,40,0.0,1975
1698,270,41,0.0,1975
1699,267,42,0.0,1975
1700,254,43,0.0,1975
1701,251,44,0.0,1975
1702,187,45,0.0,1975
1703,245,46,0.0,1975
1704,243,47,0.0,1975
1705,239,48,0.0,1975
1706,233,49,0.0,1975
1707,232,50,0.0,1975
1708,205,51,0.0,1975
1709,303,52,0.0,1975
1710,231,1,69.0,1976
1711,182,2,68.0,1976
1712,222,3,49.0,1976
1713,221,4,39.0,1976
1714,223,5,31.0,1976
1715,207,6,22.0,1976
1716,172,7,20.0,1976
1717,187,8,20.0,1976
1718,200,9,19.0,1976
1719,255,10,11.0,1976
1720,252,11,10.0,1976
1721,238,12,10.0,1976
1722,233,13,8.0,1976
1723,178,14,7.0,1976
1724,250,15,7.0,1976
1725,224,16,3.0,1976
1726,199,17,3.0,1976
1727,278,18,2.0,1976
1728,230,19,1.0,1976
1729,243,20,1.0,1976
1730,274,21,0.0,1976
1731,275,22,0.0,1976
1732,276,23,0.0,1976
1733,273,24,0.0,1976
1734,271,25,0.0,1976
1735,282,26,0.0,1976
1736,277,27,0.0,1976
1737,279,28,0.0,1976
1738,280,29,0.0,1976
1739,281,30,0.0,1976
1740,265,31,0.0,1976
1741,283,32,0.0,1976
1742,284,33,0.0,1976
1743,285,34,0.0,1976
1744,286,35,0.0,1976
1745,270,36,0.0,1976
1746,251,37,0.0,1976
1747,260,38,0.0,1976
1748,239,39,0.0,1976
1749,197,40,0.0,1976
1750,208,41,0.0,1976
1751,229,42,0.0,1976
1752,232,43,0.0,1976
1753,235,44,0.0,1976
1754,237,45,0.0,1976
1755,242,46,0.0,1976
1756,258,47,0.0,1976
1757,245,48,0.0,1976
1758,246,49,0.0,1976
1759,253,50,0.0,1976
1760,254,51,0.0,1976
1761,256,52,0.0,1976
1762,257,53,0.0,1976
1763,287,54,0.0,1976
1764,182,1,72.0,1977
1765,222,2,55.0,1977
1766,207,3,47.0,1977
1767,199,4,42.0,1977
1768,231,5,40.0,1977
1769,200,6,25.0,1977
1770,178,7,22.0,1977
1771,221,8,20.0,1977
1772,255,9,20.0,1977
1773,172,10,18.0,1977
1774,233,11,12.0,1977
1775,224,12,11.0,1977
1776,187,13,9.0,1977
1777,238,14,7.0,1977
1778,250,15,6.0,1977
1779,230,16,6.0,1977
1780,223,17,5.0,1977
1781,175,18,5.0,1977
1782,254,19,1.0,1977
1783,197,20,1.0,1977
1784,119,21,1.0,1977
1785,262,22,0.0,1977
1786,256,23,0.0,1977
1787,272,24,0.0,1977
1788,257,25,0.0,1977
1789,258,26,0.0,1977
1790,259,27,0.0,1977
1791,260,28,0.0,1977
1792,261,29,0.0,1977
1793,267,30,0.0,1977
1794,268,31,0.0,1977
1795,263,32,0.0,1977
1796,264,33,0.0,1977
1797,270,34,0.0,1977
1798,265,35,0.0,1977
1799,273,36,0.0,1977
1800,269,37,0.0,1977
1801,266,38,0.0,1977
1802,271,39,0.0,1977
1803,239,40,0.0,1977
1804,253,41,0.0,1977
1805,232,42,0.0,1977
1806,203,43,0.0,1977
1807,205,44,0.0,1977
1808,208,45,0.0,1977
1809,211,46,0.0,1977
1810,212,47,0.0,1977
1811,219,48,0.0,1977
1812,220,49,0.0,1977
1813,229,50,0.0,1977
1814,235,51,0.0,1977
1815,252,52,0.0,1977
1816,237,53,0.0,1977
1817,152,54,0.0,1977
1818,240,55,0.0,1977
1819,241,56,0.0,1977
1820,245,57,0.0,1977
1821,246,58,0.0,1977
1822,247,59,0.0,1977
1823,251,60,0.0,1977
1824,274,61,0.0,1977
1825,207,1,64.0,1978
1826,238,2,51.0,1978
1827,199,3,48.0,1978
1828,182,4,44.0,1978
1829,221,5,34.0,1978
1830,187,6,25.0,1978
1831,222,7,24.0,1978
1832,172,8,19.0,1978
1833,224,9,17.0,1978
1834,203,10,17.0,1978
1835,119,11,11.0,1978
1836,178,12,11.0,1978
1837,231,13,8.0,1978
1838,175,14,8.0,1978
1839,202,15,7.0,1978
1840,223,16,4.0,1978
1841,219,17,3.0,1978
1842,233,18,2.0,1978
1843,206,19,1.0,1978
1844,212,20,1.0,1978
1845,230,21,1.0,1978
1846,235,22,0.0,1978
1847,248,23,0.0,1978
1848,247,24,0.0,1978
1849,246,25,0.0,1978
1850,245,26,0.0,1978
1851,244,27,0.0,1978
1852,243,28,0.0,1978
1853,242,29,0.0,1978
1854,241,30,0.0,1978
1855,240,31,0.0,1978
1856,239,32,0.0,1978
1857,152,33,0.0,1978
1858,232,34,0.0,1978
1859,208,35,0.0,1978
1860,158,36,0.0,1978
1861,229,37,0.0,1978
1862,163,38,0.0,1978
1863,177,39,0.0,1978
1864,197,40,0.0,1978
1865,200,41,0.0,1978
1866,137,42,0.0,1978
1867,213,43,0.0,1978
1868,211,44,0.0,1978
1869,209,45,0.0,1978
1870,249,46,0.0,1978
1871,222,1,60.0,1979
1872,203,2,53.0,1979
1873,178,3,43.0,1979
1874,172,4,36.0,1979
1875,223,5,32.0,1979
1876,199,6,25.0,1979
1877,221,7,22.0,1979
1878,163,8,17.0,1979
1879,187,9,15.0,1979
1880,207,10,14.0,1979
1881,202,11,14.0,1979
1882,197,12,14.0,1979
1883,219,13,9.0,1979
1884,182,14,4.0,1979
1885,200,15,3.0,1979
1886,235,16,3.0,1979
1887,173,17,3.0,1979
1888,137,18,3.0,1979
1889,233,19,2.0,1979
1890,119,20,2.0,1979
1891,224,21,1.0,1979
1892,234,22,0.0,1979
1893,232,23,0.0,1979
1894,236,24,0.0,1979
1895,231,25,0.0,1979
1896,230,26,0.0,1979
1897,206,27,0.0,1979
1898,217,28,0.0,1979
1899,212,29,0.0,1979
1900,209,30,0.0,1979
1901,136,31,0.0,1979
1902,177,32,0.0,1979
1903,176,33,0.0,1979
1904,175,34,0.0,1979
1905,152,35,0.0,1979
1906,237,36,0.0,1979
1907,178,1,71.0,1980
1908,137,2,54.0,1980
1909,199,3,49.0,1980
1910,172,4,34.0,1980
1911,202,5,32.0,1980
1912,163,6,29.0,1980
1913,173,7,13.0,1980
1914,219,8,9.0,1980
1915,119,9,7.0,1980
1916,197,10,6.0,1980
1917,206,11,6.0,1980
1918,203,12,6.0,1980
1919,177,13,6.0,1980
1920,187,14,6.0,1980
1921,224,15,5.0,1980
1922,117,16,5.0,1980
1923,152,17,4.0,1980
1924,200,18,4.0,1980
1925,222,19,2.0,1980
1926,207,20,1.0,1980
1927,212,21,1.0,1980
1928,225,22,0.0,1980
1929,217,23,0.0,1980
1930,223,24,0.0,1980
1931,226,25,0.0,1980
1932,229,26,0.0,1980
1933,228,27,0.0,1980
1934,221,28,0.0,1980
1935,227,29,0.0,1980
1936,95,30,0.0,1980
1937,214,31,0.0,1980
1938,211,32,0.0,1980
1939,209,33,0.0,1980
1940,110,34,0.0,1980
1941,191,35,0.0,1980
1942,181,36,0.0,1980
1943,176,37,0.0,1980
1944,158,38,0.0,1980
1945,140,39,0.0,1980
1946,136,40,0.0,1980
1947,230,41,0.0,1980
1948,137,1,50.0,1981
1949,199,2,49.0,1981
1950,178,3,46.0,1981
1951,172,4,44.0,1981
1952,117,5,43.0,1981
1953,187,6,27.0,1981
1954,203,7,25.0,1981
1955,173,8,14.0,1981
1956,212,9,11.0,1981
1957,163,10,11.0,1981
1958,119,11,10.0,1981
1959,158,12,10.0,1981
1960,202,13,9.0,1981
1961,95,14,8.0,1981
1962,152,15,7.0,1981
1963,176,16,4.0,1981
1964,207,17,3.0,1981
1965,194,18,1.0,1981
1966,201,19,1.0,1981
1967,110,20,1.0,1981
1968,175,21,1.0,1981
1969,216,22,0.0,1981
1970,217,23,0.0,1981
1971,215,24,0.0,1981
1972,214,25,0.0,1981
1973,213,26,0.0,1981
1974,218,27,0.0,1981
1975,219,28,0.0,1981
1976,192,29,0.0,1981
1977,206,30,0.0,1981
1978,205,31,0.0,1981
1979,198,32,0.0,1981
1980,197,33,0.0,1981
1981,105,34,0.0,1981
1982,177,35,0.0,1981
1983,160,36,0.0,1981
1984,136,37,0.0,1981
1985,118,38,0.0,1981
1986,220,39,0.0,1981
1987,177,1,44.0,1982
1988,202,2,39.0,1982
1989,187,3,39.0,1982
1990,117,4,34.0,1982
1991,182,5,30.0,1982
1992,163,6,28.0,1982
1993,175,7,25.0,1982
1994,105,8,25.0,1982
1995,173,9,23.0,1982
1996,119,10,21.0,1982
1997,137,11,20.0,1982
1998,158,12,15.0,1982
1999,206,13,8.0,1982
2000,95,14,7.0,1982
2001,199,15,6.0,1982
2002,203,16,6.0,1982
2003,110,17,5.0,1982
2004,172,18,5.0,1982
2005,207,19,4.0,1982
2006,197,20,3.0,1982
2007,176,21,3.0,1982
2008,194,22,2.0,1982
2009,184,23,2.0,1982
2010,181,24,2.0,1982
2011,152,25,2.0,1982
2012,192,26,1.0,1982
2013,210,27,0.0,1982
2014,208,28,0.0,1982
2015,205,29,0.0,1982
2016,204,30,0.0,1982
2017,209,31,0.0,1982
2018,90,32,0.0,1982
2019,201,33,0.0,1982
2020,200,34,0.0,1982
2021,196,35,0.0,1982
2022,195,36,0.0,1982
2023,170,37,0.0,1982
2024,136,38,0.0,1982
2025,118,39,0.0,1982
2026,211,40,0.0,1982
2027,137,1,59.0,1983
2028,117,2,57.0,1983
2029,163,3,49.0,1983
2030,175,4,40.0,1983
2031,177,5,27.0,1983
2032,187,6,22.0,1983
2033,158,7,22.0,1983
2034,110,8,15.0,1983
2035,119,9,13.0,1983
2036,182,10,12.0,1983
2037,172,11,11.0,1983
2038,105,12,10.0,1983
2039,95,13,10.0,1983
2040,118,14,9.0,1983
2041,176,15,4.0,1983
2042,184,16,3.0,1983
2043,173,17,2.0,1983
2044,193,18,2.0,1983
2045,152,19,1.0,1983
2046,188,20,1.0,1983
2047,160,21,0.0,1983
2048,190,22,0.0,1983
2049,197,23,0.0,1983
2050,196,24,0.0,1983
2051,195,25,0.0,1983
2052,194,26,0.0,1983
2053,192,27,0.0,1983
2054,186,28,0.0,1983
2055,168,29,0.0,1983
2056,123,30,0.0,1983
2057,181,31,0.0,1983
2058,178,32,0.0,1983
2059,140,33,0.0,1983
2060,156,34,0.0,1983
2061,198,35,0.0,1983
2062,182,1,72.0,1984
2063,117,2,71.5,1984
2064,173,3,34.0,1984
2065,105,4,30.5,1984
2066,137,5,29.0,1984
2067,163,6,27.0,1984
2068,118,7,23.0,1984
2069,177,8,20.5,1984
2070,95,9,13.0,1984
2071,102,10,13.0,1984
2072,175,11,11.0,1984
2073,170,12,9.0,1984
2074,119,13,8.0,1984
2075,123,14,5.0,1984
2076,172,15,5.0,1984
2077,140,16,3.0,1984
2078,158,17,3.0,1984
2079,110,18,3.0,1984
2080,160,19,2.0,1984
2081,176,20,1.0,1984
2082,185,21,0.0,1984
2083,184,22,0.0,1984
2084,188,23,0.0,1984
2085,189,24,0.0,1984
2086,190,25,0.0,1984
2087,183,26,0.0,1984
2088,77,27,0.0,1984
2089,181,28,0.0,1984
2090,179,29,0.0,1984
2091,166,30,0.0,1984
2092,84,31,0.0,1984
2093,156,32,0.0,1984
2094,112,33,0.0,1984
2095,94,34,0.0,1984
2096,191,35,0.0,1984
2097,117,1,76.0,1985
2098,105,2,53.0,1985
2099,177,3,40.0,1985
2100,102,4,38.0,1985
2101,173,5,33.0,1985
2102,95,6,31.0,1985
2103,140,7,26.0,1985
2104,137,8,21.0,1985
2105,172,9,16.0,1985
2106,182,10,14.0,1985
2107,123,11,11.0,1985
2108,175,12,11.0,1985
2109,176,13,5.0,1985
2110,118,14,5.0,1985
2111,166,15,4.0,1985
2112,185,16,4.0,1985
2113,122,17,3.0,1985
2114,163,18,3.0,1985
2115,110,19,3.0,1985
2116,77,20,3.0,1985
2117,184,21,0.0,1985
2118,183,22,0.0,1985
2119,181,23,0.0,1985
2120,179,24,0.0,1985
2121,178,25,0.0,1985
2122,186,26,0.0,1985
2123,160,27,0.0,1985
2124,170,28,0.0,1985
2125,84,29,0.0,1985
2126,158,30,0.0,1985
2127,157,31,0.0,1985
2128,156,32,0.0,1985
2129,119,33,0.0,1985
2130,112,34,0.0,1985
2131,94,35,0.0,1985
2132,187,36,0.0,1985
2133,117,1,74.0,1986
2134,95,2,72.0,1986
2135,137,3,69.0,1986
2136,102,4,55.0,1986
2137,140,5,23.0,1986
2138,177,6,22.0,1986
2139,77,7,17.0,1986
2140,105,8,14.0,1986
2141,163,9,14.0,1986
2142,172,10,14.0,1986
2143,84,11,8.0,1986
2144,178,12,4.0,1986
2145,174,13,3.0,1986
2146,166,14,3.0,1986
2147,175,15,2.0,1986
2148,170,16,2.0,1986
2149,119,17,2.0,1986
2150,157,18,1.0,1986
2151,112,19,1.0,1986
2152,173,20,0.0,1986
2153,179,21,0.0,1986
2154,176,22,0.0,1986
2155,156,23,0.0,1986
2156,160,24,0.0,1986
2157,158,25,0.0,1986
2158,145,26,0.0,1986
2159,133,27,0.0,1986
2160,123,28,0.0,1986
2161,122,29,0.0,1986
2162,118,30,0.0,1986
2163,110,31,0.0,1986
2164,180,32,0.0,1986
2165,137,1,76.0,1987
2166,95,2,61.0,1987
2167,102,3,57.0,1987
2168,117,4,46.0,1987
2169,77,5,36.0,1987
2170,140,6,30.0,1987
2171,105,7,17.0,1987
2172,123,8,16.0,1987
2173,170,9,12.0,1987
2174,158,10,8.0,1987
2175,156,11,7.0,1987
2176,138,12,7.0,1987
2177,119,13,6.0,1987
2178,110,14,4.0,1987
2179,166,15,4.0,1987
2180,118,16,3.0,1987
2181,112,17,3.0,1987
2182,84,18,2.0,1987
2183,122,19,1.0,1987
2184,90,20,1.0,1987
2185,163,21,1.0,1987
2186,167,22,0.0,1987
2187,169,23,0.0,1987
2188,160,24,0.0,1987
2189,131,25,0.0,1987
2190,157,26,0.0,1987
2191,145,27,0.0,1987
2192,133,28,0.0,1987
2193,78,29,0.0,1987
2194,114,30,0.0,1987
2195,99,31,0.0,1987
2196,171,32,0.0,1987
2197,117,1,105.0,1988
2198,102,2,94.0,1988
2199,77,3,41.0,1988
2200,123,4,27.0,1988
2201,105,5,24.0,1988
2202,137,6,22.0,1988
2203,118,7,17.0,1988
2204,122,8,17.0,1988
2205,145,9,12.0,1988
2206,95,10,12.0,1988
2207,119,11,8.0,1988
2208,158,12,6.0,1988
2209,127,13,5.0,1988
2210,156,14,5.0,1988
2211,110,15,3.0,1988
2212,94,16,1.0,1988
2213,138,17,1.0,1988
2214,162,18,0.0,1988
2215,146,19,0.0,1988
2216,163,20,0.0,1988
2217,167,21,0.0,1988
2218,160,22,0.0,1988
2219,159,23,0.0,1988
2220,165,24,0.0,1988
2221,166,25,0.0,1988
2222,131,26,0.0,1988
2223,141,27,0.0,1988
2224,140,28,0.0,1988
2225,133,29,0.0,1988
2226,78,30,0.0,1988
2227,114,31,0.0,1988
2228,112,32,0.0,1988
2229,99,33,0.0,1988
2230,88,34,0.0,1988
2231,84,35,0.0,1988
2232,168,36,0.0,1988
2233,117,1,81.0,1989
2234,102,2,60.0,1989
2235,119,3,40.0,1989
2236,95,4,38.0,1989
2237,123,5,37.0,1989
2238,145,6,32.0,1989
2239,77,7,21.0,1989
2240,137,8,12.0,1989
2241,55,9,8.0,1989
2242,118,10,7.0,1989
2243,105,11,6.0,1989
2244,140,12,6.0,1989
2245,158,13,6.0,1989
2246,65,14,5.0,1989
2247,94,15,5.0,1989
2248,131,16,4.0,1989
2249,133,17,4.0,1989
2250,127,18,4.0,1989
2251,84,19,4.0,1989
2252,110,20,4.0,1989
2253,138,21,3.0,1989
2254,157,22,3.0,1989
2255,139,23,2.0,1989
2256,156,24,2.0,1989
2257,163,25,2.0,1989
2258,129,26,1.0,1989
2259,99,27,1.0,1989
2260,159,28,1.0,1989
2261,112,29,1.0,1989
2262,151,30,0.0,1989
2263,160,31,0.0,1989
2264,162,32,0.0,1989
2265,78,33,0.0,1989
2266,164,34,0.0,1989
2267,161,35,0.0,1989
2268,114,36,0.0,1989
2269,148,37,0.0,1989
2270,147,38,0.0,1989
2271,146,39,0.0,1989
2272,88,40,0.0,1989
2273,90,41,0.0,1989
2274,134,42,0.0,1989
2275,92,43,0.0,1989
2276,103,44,0.0,1989
2277,109,45,0.0,1989
2278,122,46,0.0,1989
2279,165,47,0.0,1989
2280,102,1,78.0,1990
2281,117,2,73.0,1990
2282,137,3,44.0,1990
2283,77,4,43.0,1990
2284,95,5,37.0,1990
2285,123,6,34.0,1990
2286,119,7,23.0,1990
2287,145,8,21.0,1990
2288,55,9,13.0,1990
2289,88,10,6.0,1990
2290,90,11,6.0,1990
2291,122,12,6.0,1990
2292,103,13,5.0,1990
2293,138,14,3.0,1990
2294,118,15,3.0,1990
2295,133,16,2.0,1990
2296,131,17,2.0,1990
2297,127,18,1.0,1990
2298,81,19,0.0,1990
2299,151,20,0.0,1990
2300,150,21,0.0,1990
2301,149,22,0.0,1990
2302,148,23,0.0,1990
2303,147,24,0.0,1990
2304,146,25,0.0,1990
2305,78,26,0.0,1990
2306,140,27,0.0,1990
2307,139,28,0.0,1990
2308,109,29,0.0,1990
2309,92,30,0.0,1990
2310,110,31,0.0,1990
2311,129,32,0.0,1990
2312,94,33,0.0,1990
2313,99,34,0.0,1990
2314,101,35,0.0,1990
2315,65,36,0.0,1990
2316,105,37,0.0,1990
2317,114,38,0.0,1990
2318,112,39,0.0,1990
2319,152,40,0.0,1990
2320,102,1,96.0,1991
2321,95,2,72.0,1991
2322,119,3,53.0,1991
2323,77,4,43.0,1991
2324,117,5,34.0,1991
2325,137,6,26.5,1991
2326,55,7,21.0,1991
2327,131,8,10.0,1991
2328,110,9,9.0,1991
2329,90,10,8.0,1991
2330,94,11,6.0,1991
2331,30,12,4.0,1991
2332,109,13,4.0,1991
2333,92,14,4.0,1991
2334,57,15,2.0,1991
2335,138,16,2.0,1991
2336,84,17,2.0,1991
2337,122,18,1.0,1991
2338,141,19,1.0,1991
2339,88,20,1.0,1991
2340,103,21,1.0,1991
2341,139,22,1.0,1991
2342,87,23,1.0,1991
2343,81,24,0.5,1991
2344,140,25,0.0,1991
2345,142,26,0.0,1991
2346,143,27,0.0,1991
2347,129,28,0.0,1991
2348,133,29,0.0,1991
2349,105,30,0.0,1991
2350,128,31,0.0,1991
2351,127,32,0.0,1991
2352,123,33,0.0,1991
2353,120,34,0.0,1991
2354,100,35,0.0,1991
2355,99,36,0.0,1991
2356,91,37,0.0,1991
2357,78,38,0.0,1991
2358,70,39,0.0,1991
2359,65,40,0.0,1991
2360,144,41,0.0,1991
2361,95,1,108.0,1992
2362,119,2,56.0,1992
2363,30,3,53.0,1992
2364,102,4,50.0,1992
2365,77,5,49.0,1992
2366,84,6,38.0,1992
2367,55,7,18.0,1992
2368,57,8,11.0,1992
2369,110,9,8.0,1992
2370,105,10,6.0,1992
2371,100,11,4.0,1992
2372,91,12,3.0,1992
2373,122,13,3.0,1992
2374,123,14,2.0,1992
2375,94,15,2.0,1992
2376,65,16,2.0,1992
2377,92,17,1.0,1992
2378,131,18,1.0,1992
2379,104,19,1.0,1992
2380,88,20,0.0,1992
2381,135,21,0.0,1992
2382,132,22,0.0,1992
2383,130,23,0.0,1992
2384,129,24,0.0,1992
2385,128,25,0.0,1992
2386,127,26,0.0,1992
2387,125,27,0.0,1992
2388,70,28,0.0,1992
2389,90,29,0.0,1992
2390,109,30,0.0,1992
2391,108,31,0.0,1992
2392,71,32,0.0,1992
2393,78,33,0.0,1992
2394,79,34,0.0,1992
2395,99,35,0.0,1992
2396,81,36,0.0,1992
2397,136,37,0.0,1992
2398,117,1,99.0,1993
2399,102,2,73.0,1993
2400,71,3,69.0,1993
2401,30,4,52.0,1993
2402,119,5,20.0,1993
2403,55,6,16.0,1993
2404,84,7,13.0,1993
2405,77,8,12.0,1993
2406,65,9,11.0,1993
2407,87,10,10.0,1993
2408,91,11,7.0,1993
2409,121,12,7.0,1993
2410,104,13,5.0,1993
2411,109,14,5.0,1993
2412,118,15,4.0,1993
2413,57,16,4.0,1993
2414,120,17,2.0,1993
2415,112,18,2.0,1993
2416,22,19,2.0,1993
2417,100,20,1.0,1993
2418,70,21,1.0,1993
2419,56,22,1.0,1993
2420,105,23,0.0,1993
2421,94,24,0.0,1993
2422,110,25,0.0,1993
2423,111,26,0.0,1993
2424,88,27,0.0,1993
2425,83,28,0.0,1993
2426,79,29,0.0,1993
2427,69,30,0.0,1993
2428,122,31,0.0,1993
2429,123,32,0.0,1993
2430,124,33,0.0,1993
2431,125,34,0.0,1993
2432,126,35,0.0,1993
2433,30,1,92.0,1994
2434,71,2,91.0,1994
2435,77,3,41.0,1994
2436,57,4,26.0,1994
2437,55,5,24.0,1994
2438,22,6,19.0,1994
2439,84,7,16.0,1994
2440,14,8,14.0,1994
2441,95,9,13.0,1994
2442,50,10,10.0,1994
2443,44,11,9.0,1994
2444,87,12,8.0,1994
2445,49,13,7.0,1994
2446,56,14,6.0,1994
2447,78,15,6.0,1994
2448,104,16,6.0,1994
2449,79,17,5.0,1994
2450,110,18,4.0,1994
2451,103,19,4.0,1994
2452,94,20,4.0,1994
2453,91,21,4.0,1994
2454,81,22,3.0,1994
2455,100,23,2.0,1994
2456,109,24,1.0,1994
2457,105,25,1.0,1994
2458,88,26,0.0,1994
2459,106,27,0.0,1994
2460,115,28,0.0,1994
2461,114,29,0.0,1994
2462,113,30,0.0,1994
2463,112,31,0.0,1994
2464,111,32,0.0,1994
2465,63,33,0.0,1994
2466,108,34,0.0,1994
2467,107,35,0.0,1994
2468,65,36,0.0,1994
2469,89,37,0.0,1994
2470,70,38,0.0,1994
2471,102,39,0.0,1994
2472,101,40,0.0,1994
2473,98,41,0.0,1994
2474,83,42,0.0,1994
2475,93,43,0.0,1994
2476,92,44,0.0,1994
2477,85,45,0.0,1994
2478,116,46,0.0,1994
2479,30,1,102.0,1995
2480,71,2,69.0,1995
2481,14,3,49.0,1995
2482,65,4,45.0,1995
2483,55,5,42.0,1995
2484,77,6,31.0,1995
2485,57,7,17.0,1995
2486,44,8,16.0,1995
2487,49,9,15.0,1995
2488,87,10,13.0,1995
2489,22,11,11.0,1995
2490,56,12,10.0,1995
2491,84,13,7.0,1995
2492,81,14,5.0,1995
2493,63,15,5.0,1995
2494,96,16,3.0,1995
2495,83,17,1.0,1995
2496,88,18,1.0,1995
2497,76,19,0.0,1995
2498,91,20,0.0,1995
2499,98,21,0.0,1995
2500,97,22,0.0,1995
2501,95,23,0.0,1995
2502,94,24,0.0,1995
2503,93,25,0.0,1995
2504,92,26,0.0,1995
2505,89,27,0.0,1995
2506,90,28,0.0,1995
2507,69,29,0.0,1995
2508,50,30,0.0,1995
2509,86,31,0.0,1995
2510,85,32,0.0,1995
2511,64,33,0.0,1995
2512,79,34,0.0,1995
2513,99,35,0.0,1995
2514,71,1,97.0,1996
2515,35,2,78.0,1996
2516,30,3,59.0,1996
2517,55,4,47.0,1996
2518,57,5,31.0,1996
2519,77,6,21.0,1996
2520,14,7,18.0,1996
2521,22,8,14.0,1996
2522,44,9,13.0,1996
2523,56,10,11.0,1996
2524,84,11,8.0,1996
2525,49,12,7.0,1996
2526,63,13,5.0,1996
2527,65,14,4.0,1996
2528,64,15,2.0,1996
2529,50,16,1.0,1996
2530,69,17,0.0,1996
2531,21,18,0.0,1996
2532,73,19,0.0,1996
2533,58,20,0.0,1996
2534,79,21,0.0,1996
2535,83,22,0.0,1996
2536,85,23,0.0,1996
2537,86,24,0.0,1996
2538,35,1,81.0,1997
2539,30,2,78.0,1997
2540,49,3,42.0,1997
2541,14,4,36.0,1997
2542,55,5,36.0,1997
2543,77,6,27.0,1997
2544,57,7,27.0,1997
2545,56,8,24.0,1997
2546,21,9,20.0,1997
2547,44,10,16.0,1997
2548,65,11,15.0,1997
2549,23,12,13.0,1997
2550,71,13,7.0,1997
2551,22,14,6.0,1997
2552,25,15,4.0,1997
2553,15,16,3.0,1997
2554,63,17,2.0,1997
2555,64,18,2.0,1997
2556,75,19,2.0,1997
2557,78,20,1.0,1997
2558,81,21,0.0,1997
2559,80,22,0.0,1997
2560,79,23,0.0,1997
2561,58,24,0.0,1997
2562,76,25,0.0,1997
2563,73,26,0.0,1997
2564,50,27,0.0,1997
2565,82,28,0.0,1997
2566,57,1,100.0,1998
2567,30,2,86.0,1998
2568,14,3,56.0,1998
2569,56,4,47.0,1998
2570,35,5,21.0,1998
2571,71,6,20.0,1998
2572,25,7,17.0,1998
2573,49,8,17.0,1998
2574,21,9,16.0,1998
2575,23,10,14.0,1998
2576,55,11,9.0,1998
2577,22,12,4.0,1998
2578,63,13,3.0,1998
2579,64,14,3.0,1998
2580,15,15,1.0,1998
2581,65,16,1.0,1998
2582,76,17,1.0,1998
2583,50,18,0.0,1998
2584,44,19,0.0,1998
2585,68,20,0.0,1998
2586,73,21,0.0,1998
2587,74,22,0.0,1998
2588,75,23,0.0,1998
2589,57,1,76.0,1999
2590,56,2,74.0,1999
2591,49,3,54.0,1999
2592,14,4,48.0,1999
2593,30,5,44.0,1999
2594,23,6,35.0,1999
2595,22,7,21.0,1999
2596,65,8,15.0,1999
2597,21,9,13.0,1999
2598,63,10,10.0,1999
2599,71,11,7.0,1999
2600,15,12,7.0,1999
2601,25,13,3.0,1999
2602,64,14,3.0,1999
2603,44,15,2.0,1999
2604,55,16,2.0,1999
2605,48,17,1.0,1999
2606,37,18,1.0,1999
2607,69,19,0.0,1999
2608,70,20,0.0,1999
2609,35,21,0.0,1999
2610,68,22,0.0,1999
2611,41,23,0.0,1999
2612,72,24,0.0,1999
2613,30,1,108.0,2000
2614,57,2,89.0,2000
2615,14,3,73.0,2000
2616,22,4,62.0,2000
2617,23,5,24.0,2000
2618,21,6,18.0,2000
2619,35,7,17.0,2000
2620,18,8,12.0,2000
2621,49,9,11.0,2000
2622,15,10,6.0,2000
2623,63,11,6.0,2000
2624,50,12,5.0,2000
2625,56,13,4.0,2000
2626,41,14,3.0,2000
2627,37,15,2.0,2000
2628,25,16,2.0,2000
2629,64,17,0.0,2000
2630,60,18,0.0,2000
2631,2,19,0.0,2000
2632,55,20,0.0,2000
2633,54,21,0.0,2000
2634,48,22,0.0,2000
2635,65,23,0.0,2000
2636,30,1,123.0,2001
2637,14,2,65.0,2001
2638,22,3,56.0,2001
2639,23,4,49.0,2001
2640,57,5,37.0,2001
2641,31,6,31.0,2001
2642,15,7,12.0,2001
2643,35,8,12.0,2001
2644,2,9,12.0,2001
2645,8,10,9.0,2001
2646,21,11,8.0,2001
2647,49,12,6.0,2001
2648,56,13,6.0,2001
2649,44,14,5.0,2001
2650,55,15,5.0,2001
2651,37,16,3.0,2001
2652,18,17,2.0,2001
2653,50,18,1.0,2001
2654,59,19,0.0,2001
2655,61,20,0.0,2001
2656,60,21,0.0,2001
2657,41,22,0.0,2001
2658,58,23,0.0,2001
2659,54,24,0.0,2001
2660,4,25,0.0,2001
2661,62,26,0.0,2001
2662,30,1,144.0,2002
2663,22,2,77.0,2002
2664,31,3,50.0,2002
2665,23,4,42.0,2002
2666,14,5,41.0,2002
2667,8,6,24.0,2002
2668,18,7,14.0,2002
2669,15,8,9.0,2002
2670,56,9,8.0,2002
2671,2,10,7.0,2002
2672,21,11,7.0,2002
2673,13,12,4.0,2002
2674,35,13,4.0,2002
2675,44,14,3.0,2002
2676,17,15,2.0,2002
2677,49,16,2.0,2002
2678,11,17,2.0,2002
2679,63,18,2.0,2002
2680,19,19,0.0,2002
2681,37,20,0.0,2002
2682,59,21,0.0,2002
2683,62,22,0.0,2002
2684,66,23,0.0,2002
2685,30,1,93.0,2003
2686,8,2,91.0,2003
2687,31,3,82.0,2003
2688,22,4,65.0,2003
2689,23,5,58.0,2003
2690,4,6,55.0,2003
2691,14,7,51.0,2003
2692,15,8,33.0,2003
2693,17,9,17.0,2003
2694,18,10,17.0,2003
2695,49,11,13.0,2003
2696,21,12,12.0,2003
2697,43,13,10.0,2003
2698,44,14,6.0,2003
2699,2,15,6.0,2003
2700,35,16,6.0,2003
2701,48,17,4.0,2003
2702,11,18,3.0,2003
2703,51,19,1.0,2003
2704,52,20,1.0,2003
2705,42,21,0.0,2003
2706,47,22,0.0,2003
2707,50,23,0.0,2003
2708,53,24,0.0,2003
2709,30,1,148.0,2004
2710,22,2,114.0,2004
2711,18,3,85.0,2004
2712,4,4,59.0,2004
2713,31,5,58.0,2004
2714,15,6,46.0,2004
2715,8,7,45.0,2004
2716,11,8,34.0,2004
2717,23,9,24.0,2004
2718,14,10,24.0,2004
2719,21,11,22.0,2004
2720,13,12,12.0,2004
2721,17,13,7.0,2004
2722,42,14,6.0,2004
2723,44,15,6.0,2004
2724,43,16,3.0,2004
2725,2,17,3.0,2004
2726,32,18,3.0,2004
2727,10,19,2.0,2004
2728,47,20,1.0,2004
2729,41,21,0.0,2004
2730,35,22,0.0,2004
2731,45,23,0.0,2004
2732,46,24,0.0,2004
2733,48,25,0.0,2004
2734,4,1,133.0,2005
2735,8,2,112.0,2005
2736,30,3,62.0,2005
2737,31,4,60.0,2005
2738,21,5,58.0,2005
2739,23,6,45.0,2005
2740,15,7,43.0,2005
2741,22,8,38.0,2005
2742,18,9,37.0,2005
2743,17,10,36.0,2005
2744,2,11,28.0,2005
2745,14,12,24.0,2005
2746,13,13,11.0,2005
2747,32,14,9.0,2005
2748,35,15,9.0,2005
2749,33,16,7.0,2005
2750,25,17,6.0,2005
2751,39,18,5.0,2005
2752,37,19,4.0,2005
2753,27,20,4.0,2005
2754,40,21,3.0,2005
2755,42,22,2.0,2005
2756,11,23,1.0,2005
2757,24,24,1.0,2005
2758,38,25,0.0,2005
2759,19,26,0.0,2005
2760,41,27,0.0,2005
2761,4,1,134.0,2006
2762,30,2,121.0,2006
2763,13,3,80.0,2006
2764,21,4,72.0,2006
2765,8,5,65.0,2006
2766,18,6,56.0,2006
2767,22,7,30.0,2006
2768,31,8,26.0,2006
2769,2,9,23.0,2006
2770,23,10,20.0,2006
2771,37,11,19.0,2006
2772,15,12,15.0,2006
2773,14,13,14.0,2006
2774,17,14,7.0,2006
2775,35,15,7.0,2006
2776,9,16,6.0,2006
2777,3,17,4.0,2006
2778,32,18,2.0,2006
2779,24,19,1.0,2006
2780,34,20,0.0,2006
2781,36,21,0.0,2006
2782,11,22,0.0,2006
2783,33,23,0.0,2006
2784,29,24,0.0,2006
2785,27,25,0.0,2006
2786,26,26,0.0,2006
2787,38,27,0.0,2006
2788,8,1,110.0,2007
2789,1,2,109.0,2007
2790,4,3,109.0,2007
2791,13,4,94.0,2007
2792,2,5,61.0,2007
2793,9,6,39.0,2007
2794,5,7,30.0,2007
2795,21,8,21.0,2007
2796,3,9,20.0,2007
2797,14,10,14.0,2007
2798,25,11,13.0,2007
2799,17,12,10.0,2007
2800,15,13,8.0,2007
2801,18,14,6.0,2007
2802,20,15,6.0,2007
2803,23,16,5.0,2007
2804,11,17,4.0,2007
2805,24,18,3.0,2007
2806,16,19,1.0,2007
2807,19,20,0.0,2007
2808,22,21,0.0,2007
2809,6,22,0.0,2007
2810,26,23,0.0,2007
2811,27,24,0.0,2007
2812,28,25,0.0,2007
2813,29,26,0.0,2007
2814,1,1,98.0,2008
2815,13,2,97.0,2008
2816,8,3,75.0,2008
2817,9,4,75.0,2008
2818,4,5,61.0,2008
2819,2,6,60.0,2008
2820,5,7,53.0,2008
2821,20,8,35.0,2008
2822,15,9,31.0,2008
2823,10,10,25.0,2008
2824,17,11,21.0,2008
2825,12,12,19.0,2008
2826,3,13,17.0,2008
2827,22,14,11.0,2008
2828,6,15,9.0,2008
2829,14,16,8.0,2008
2830,7,17,4.0,2008
2831,18,18,3.0,2008
2832,11,19,0.0,2008
2833,16,20,0.0,2008
2834,19,21,0.0,2008
2835,21,22,0.0,2008
2836,18,1,95.0,2009
2837,20,2,84.0,2009
2838,22,3,77.0,2009
2839,17,4,69.5,2009
2840,1,5,49.0,2009
2841,8,6,48.0,2009
2842,3,7,34.5,2009
2843,15,8,32.5,2009
2844,4,9,26.0,2009
2845,10,10,24.0,2009
2846,5,11,22.0,2009
2847,13,12,22.0,2009
2848,2,13,19.0,2009
2849,9,14,17.0,2009
2850,21,15,8.0,2009
2851,67,16,6.0,2009
2852,16,17,5.0,2009
2853,155,18,3.0,2009
2854,7,19,2.0,2009
2855,6,20,0.0,2009
2856,12,21,0.0,2009
2857,24,22,0.0,2009
2858,69,23,0.0,2009
2859,153,24,0.0,2009
2860,154,25,0.0,2009
2861,20,1,256.0,2010
2862,4,2,252.0,2010
2863,17,3,242.0,2010
2864,1,4,240.0,2010
2865,18,5,214.0,2010
2866,13,6,144.0,2010
2867,3,7,142.0,2010
2868,9,8,136.0,2010
2869,30,9,72.0,2010
2870,22,10,47.0,2010
2871,16,11,47.0,2010
2872,155,12,32.0,2010
2873,808,13,27.0,2010
2874,807,14,22.0,2010
2875,24,15,21.0,2010
2876,67,16,8.0,2010
2877,37,17,6.0,2010
2878,2,18,6.0,2010
2879,153,19,5.0,2010
2880,32,20,0.0,2010
2881,15,21,0.0,2010
2882,5,22,0.0,2010
2883,29,23,0.0,2010
2884,10,24,0.0,2010
2885,810,25,0.0,2010
2886,811,26,0.0,2010
2887,812,27,0.0,2010
2888,20,1,392.0,2011
2889,18,2,270.0,2011
2890,17,3,258.0,2011
2891,4,4,257.0,2011
2892,1,5,227.0,2011
2893,13,6,118.0,2011
2894,3,7,89.0,2011
2895,30,8,76.0,2011
2896,16,9,42.0,2011
2897,808,10,37.0,2011
2898,2,11,34.0,2011
2899,155,12,30.0,2011
2900,814,13,27.0,2011
2901,153,14,26.0,2011
2902,67,15,15.0,2011
2903,815,16,14.0,2011
2904,22,17,4.0,2011
2905,811,18,2.0,2011
2906,813,19,1.0,2011
2907,24,20,0.0,2011
2908,37,21,0.0,2011
2909,39,22,0.0,2011
2910,15,23,0.0,2011
2911,5,24,0.0,2011
2912,812,25,0.0,2011
2913,10,26,0.0,2011
2914,816,27,0.0,2011
2915,817,28,0.0,2011
2916,20,1,281.0,2012
2917,4,2,278.0,2012
2918,8,3,207.0,2012
2919,1,4,190.0,2012
2920,18,5,188.0,2012
2921,17,6,179.0,2012
2922,13,7,122.0,2012
2923,154,8,96.0,2012
2924,3,9,93.0,2012
2925,815,10,66.0,2012
2926,807,11,63.0,2012
2927,155,12,60.0,2012
2928,30,13,49.0,2012
2929,814,14,46.0,2012
2930,813,15,45.0,2012
2931,811,16,31.0,2012
2932,818,17,16.0,2012
2933,817,18,10.0,2012
2934,816,19,0.0,2012
2935,39,20,0.0,2012
2936,808,21,0.0,2012
2937,37,22,0.0,2012
2938,10,23,0.0,2012
2939,5,24,0.0,2012
2940,819,25,0.0,2012
2941,20,1,397.0,2013
2942,4,2,242.0,2013
2943,17,3,199.0,2013
2944,1,4,189.0,2013
2945,8,5,183.0,2013
2946,3,6,171.0,2013
2947,154,7,132.0,2013
2948,13,8,112.0,2013
2949,18,9,73.0,2013
2950,807,10,51.0,2013
2951,815,11,49.0,2013
2952,814,12,48.0,2013
2953,16,13,29.0,2013
2954,817,14,20.0,2013
2955,818,15,13.0,2013
2956,821,16,6.0,2013
2957,822,17,4.0,2013
2958,813,18,1.0,2013
2959,5,19,0.0,2013
2960,819,20,0.0,2013
2961,820,21,0.0,2013
2962,823,22,0.0,2013
2963,824,23,0.0,2013
2964,1,1,384.0,2014
2965,3,2,317.0,2014
2966,817,3,238.0,2014
2967,822,4,186.0,2014
2968,20,5,167.0,2014
2969,4,6,161.0,2014
2970,13,7,134.0,2014
2971,18,8,126.0,2014
2972,807,9,96.0,2014
2973,815,10,59.0,2014
2974,8,11,55.0,2014
2975,825,12,55.0,2014
2976,818,13,22.0,2014
2977,154,14,8.0,2014
2978,826,15,8.0,2014
2979,813,16,2.0,2014
2980,824,17,2.0,2014
2981,155,18,0.0,2014
2982,16,19,0.0,2014
2983,820,20,0.0,2014
2984,821,21,0.0,2014
2985,827,22,0.0,2014
2986,828,23,0.0,2014
2987,829,24,0.0,2014
2988,1,1,381.0,2015
2989,3,2,322.0,2015
2990,20,3,278.0,2015
2991,8,4,150.0,2015
2992,822,5,136.0,2015
2993,13,6,121.0,2015
2994,826,7,95.0,2015
2995,817,8,92.0,2015
2996,815,9,78.0,2015
2997,807,10,58.0,2015
2998,154,11,51.0,2015
2999,830,12,49.0,2015
3000,813,13,27.0,2015
3001,831,14,27.0,2015
3002,832,15,18.0,2015
3003,18,16,16.0,2015
3004,4,17,11.0,2015
3005,828,18,9.0,2015
3006,825,19,0.0,2015
3007,829,20,0.0,2015
3008,833,21,0.0,2015
3009,834,22,0.0,2015
3010,3,1,385.0,2016
3011,1,2,380.0,2016
3012,817,3,256.0,2016
3013,20,4,212.0,2016
3014,830,5,204.0,2016
3015,8,6,186.0,2016
3016,815,7,101.0,2016
3017,822,8,85.0,2016
3018,807,9,72.0,2016
3019,4,10,54.0,2016
3020,13,11,53.0,2016
3021,832,12,46.0,2016
3022,154,13,29.0,2016
3023,826,14,25.0,2016
3024,18,15,21.0,2016
3025,825,16,7.0,2016
3026,831,17,2.0,2016
3027,835,18,1.0,2016
3028,836,19,1.0,2016
3029,838,20,1.0,2016
3030,821,21,0.0,2016
3031,828,22,0.0,2016
3032,837,23,0.0,2016
3033,839,24,0.0,2016
3034,1,1,363.0,2017
3035,20,2,317.0,2017
3036,822,3,305.0,2017
3037,8,4,205.0,2017
3038,817,5,200.0,2017
3039,830,6,168.0,2017
3040,815,7,100.0,2017
3041,839,8,87.0,2017
3042,832,9,54.0,2017
3043,13,10,43.0,2017
3044,807,11,43.0,2017
3045,840,12,40.0,2017
3046,154,13,28.0,2017
3047,825,14,19.0,2017
3048,4,15,17.0,2017
3049,838,16,13.0,2017
3050,835,17,8.0,2017
3051,826,18,5.0,2017
3052,836,19,5.0,2017
3053,828,20,0.0,2017
3054,814,21,0.0,2017
3055,18,22,0.0,2017
3056,841,23,0.0,2017
3057,842,24,0.0,2017
3058,843,25,0.0,2017
3059,1,1,408.0,2018
3060,20,2,320.0,2018
3061,8,3,251.0,2018
3062,830,4,249.0,2018
3063,822,5,247.0,2018
3064,817,6,170.0,2018
3065,807,7,69.0,2018
3066,815,8,62.0,2018
3067,825,9,56.0,2018
3068,832,10,53.0,2018
3069,4,11,50.0,2018
3070,839,12,49.0,2018
3071,844,13,39.0,2018
3072,154,14,37.0,2018
3073,842,15,29.0,2018
3074,838,16,12.0,2018
3075,828,17,9.0,2018
3076,840,18,6.0,2018
3077,843,19,4.0,2018
3078,845,20,1.0,2018
3079,1,1,413.0,2019
3080,822,2,326.0,2019
3081,830,3,278.0,2019
3082,844,4,264.0,2019
3083,20,5,240.0,2019
3084,832,6,96.0,2019
3085,842,7,95.0,2019
3086,848,8,92.0,2019
3087,817,9,54.0,2019
3088,815,10,52.0,2019
3089,846,11,49.0,2019
3090,8,12,43.0,2019
3091,807,13,37.0,2019
3092,826,14,37.0,2019
3093,840,15,21.0,2019
3094,825,16,20.0,2019
3095,841,17,14.0,2019
3096,154,18,8.0,2019
3097,9,19,1.0,2019
3098,847,20,0.0,2019
3099,1,1,347.0,2020
3100,822,2,223.0,2020
3101,830,3,214.0,2020
3102,815,4,125.0,2020
3103,817,5,119.0,2020
3104,848,6,105.0,2020
3105,832,7,105.0,2020
3106,844,8,98.0,2020
3107,846,9,97.0,2020
3108,840,10,75.0,2020
3109,842,11,75.0,2020
3110,839,12,62.0,2020
3111,20,13,33.0,2020
3112,826,14,32.0,2020
3113,807,15,10.0,2020
3114,8,16,4.0,2020
3115,841,17,4.0,2020
3116,847,18,3.0,2020
3117,154,19,2.0,2020
3118,825,20,1.0,2020
3119,849,21,0.0,2020
3120,850,22,0.0,2020
3121,851,23,0.0,2020
3122,830,1,395.5,2021
3123,1,2,387.5,2021
3124,822,3,226.0,2021
3125,815,4,190.0,2021
3126,832,5,164.5,2021
3127,846,6,160.0,2021
3128,844,7,159.0,2021
3129,817,8,115.0,2021
3130,842,9,110.0,2021
3131,4,10,81.0,2021
3132,839,11,74.0,2021
3133,20,12,43.0,2021
3134,840,13,34.0,2021
3135,852,14,32.0,2021
3136,847,15,16.0,2021
3137,8,16,10.0,2021
3138,849,17,7.0,2021
3139,841,18,3.0,2021
3140,9,19,0.0,2021
3141,853,20,0.0,2021
3142,854,21,0.0,2021
3143,830,1,454.0,2022
3144,844,2,308.0,2022
3145,815,3,305.0,2022
3146,847,4,275.0,2022
3147,832,5,246.0,2022
3148,1,6,240.0,2022
3149,846,7,122.0,2022
3150,839,8,92.0,2022
3151,4,9,81.0,2022
3152,822,10,49.0,2022
3153,20,11,37.0,2022
3154,817,12,37.0,2022
3155,825,13,25.0,2022
3156,842,14,23.0,2022
3157,840,15,18.0,2022
3158,852,16,12.0,2022
3159,854,17,12.0,2022
3160,855,18,6.0,2022
3161,848,19,4.0,2022
3162,849,20,2.0,2022
3163,856,21,2.0,2022
3164,807,22,0.0,2022
3165,830,1,575.0,2023
3166,815,2,285.0,2023
3167,1,3,234.0,2023
3168,844,4,206.0,2023
3169,4,5,206.0,2023
3170,846,6,205.0,2023
3171,832,7,200.0,2023
3172,847,8,175.0,2023
3173,857,9,97.0,2023
3174,840,10,74.0,2023
3175,842,11,62.0,2023
3176,839,12,58.0,2023
3177,848,13,27.0,2023
3178,852,14,17.0,2023
3179,822,15,10.0,2023
3180,807,16,9.0,2023
3181,817,17,6.0,2023
3182,855,18,6.0,2023
3183,825,19,3.0,2023
3184,859,20,2.0,2023
3185,858,21,1.0,2023
3186,856,22,0.0,2023
