driverId,number,code,forename,surname,dob,nationality
1,44,HAM,Lewis,Hamilton,1985-01-07,British
2,0,HEI,Nick,Heidfeld,1977-05-10,German
3,6,ROS,Nico,Rosberg,1985-06-27,German
4,14,ALO,Fernando,Alonso,1981-07-29,Spanish
5,0,KOV,Heikki,Kovalainen,1981-10-19,Finnish
6,0,NAK,Kazuki,Nakajima,1985-01-11,Japanese
7,0,BOU,Sébastien,Bourdais,1979-02-28,French
8,7,RAI,Kimi,Räikkönen,1979-10-17,Finnish
9,88,KUB,Robert,Kubica,1984-12-07,Polish
10,0,GLO,Timo,Glock,1982-03-18,German
11,0,SAT,Takuma,Sato,1977-01-28,Japanese
12,0,PIQ,Nelson,Piquet Jr.,1985-07-25,Brazilian
13,19,MAS,Felipe,Massa,1981-04-25,Brazilian
14,0,COU,David,Coulthard,1971-03-27,British
15,0,TRU,Jarno,Trulli,1974-07-13,Italian
16,99,SUT,Adrian,Sutil,1983-01-11,German
17,0,WEB,Mark,Webber,1976-08-27,Australian
18,22,BUT,Jenson,Button,1980-01-19,British
19,0,DAV,Anthony,Davidson,1979-04-18,British
20,5,VET,Sebastian,Vettel,1987-07-03,German
21,0,FIS,Giancarlo,Fisichella,1973-01-14,Italian
22,0,BAR,Rubens,Barrichello,1972-05-23,Brazilian
23,0,SCH,Ralf,Schumacher,1975-06-30,German
24,0,LIU,Vitantonio,Liuzzi,1980-08-06,Italian
25,0,WUR,Alexander,Wurz,1974-02-15,Austrian
26,0,SPE,Scott,Speed,1983-01-24,American
27,0,ALB,Christijan,Albers,1979-04-16,Dutch
28,0,WIN,Markus,Winkelhock,1980-06-13,German
29,0,YAM,Sakon,Yamamoto,1982-07-09,Japanese
30,0,MSC,Michael,Schumacher,1969-01-03,German
31,0,MON,Juan,Pablo Montoya,1975-09-20,Colombian
32,0,KLI,Christian,Klien,1983-02-07,Austrian
33,0,TMO,Tiago,Monteiro,1976-07-24,Portuguese
34,0,IDE,Yuji,Ide,1975-01-21,Japanese
35,0,VIL,Jacques,Villeneuve,1971-04-09,Canadian
36,0,FMO,Franck,Montagny,1978-01-05,French
37,0,DLR,Pedro,de la Rosa,1971-02-24,Spanish
38,0,DOO,Robert,Doornbos,1981-09-23,Dutch
39,0,KAR,Narain,Karthikeyan,1977-01-14,Indian
40,0,FRI,Patrick,Friesacher,1980-09-26,Austrian
41,0,ZON,Ricardo,Zonta,1976-03-23,Brazilian
42,0,PIZ,Antônio,Pizzonia,1980-09-11,Brazilian
43,0,MAT,Cristiano,da Matta,1973-09-19,Brazilian
44,0,PAN,Olivier,Panis,1966-09-02,French
45,0,PAN,Giorgio,Pantano,1979-02-04,Italian
46,0,BRU,Gianmaria,Bruni,1981-05-30,Italian
47,0,BAU,Zsolt,Baumgartner,1981-01-01,Hungarian
48,0,GEN,Marc,Gené,1974-03-29,Spanish
49,0,FRE,Heinz-Harald,Frentzen,1967-05-18,German
50,0,VER,Jos,Verstappen,1972-03-04,Dutch
51,0,WIL,Justin,Wilson,1978-07-31,British
52,0,FIR,Ralph,Firman,1975-05-20,Irish
53,0,KIE,Nicolas,Kiesa,1978-03-03,Danish
54,0,BUR,Luciano,Burti,1975-03-05,Brazilian
55,0,ALE,Jean,Alesi,1964-06-11,French
56,0,IRV,Eddie,Irvine,1965-11-10,British
57,0,HÄK,Mika,Häkkinen,1968-09-28,Finnish
58,0,MAR,Tarso,Marques,1976-01-19,Brazilian
59,0,BER,Enrique,Bernoldi,1978-10-19,Brazilian
60,0,MAZ,Gastón,Mazzacane,1975-05-08,Argentine
61,0,ENG,Tomáš,Enge,1976-09-11,Czech
62,0,YOO,Alex,Yoong,1976-07-20,Malaysian
63,0,SAL,Mika,Salo,1966-11-30,Finnish
64,0,DIN,Pedro,Diniz,1970-05-22,Brazilian
65,0,HER,Johnny,Herbert,1964-06-25,British
66,0,MCN,Allan,McNish,1969-12-29,British
67,0,BUE,Sébastien,Buemi,1988-10-31,Swiss
68,0,TAK,Toranosuke,Takagi,1974-02-12,Japanese
69,0,BAD,Luca,Badoer,1971-01-25,Italian
70,0,ZAN,Alessandro,Zanardi,1966-10-23,Italian
71,0,HIL,Damon,Hill,1960-09-17,British
72,0,SAR,Stéphane,Sarrazin,1975-11-02,French
73,0,ROS,Ricardo,Rosset,1968-07-27,Brazilian
74,0,TUE,Esteban,Tuero,1978-04-22,Argentine
75,0,NAK,Shinji,Nakano,1971-04-01,Japanese
76,0,MAG,Jan,Magnussen,1973-07-04,Danish
77,0,BER,Gerhard,Berger,1959-08-27,Austrian
78,0,LAR,Nicola,Larini,1964-03-19,Italian
79,0,KAT,Ukyo,Katayama,1963-05-29,Japanese
80,0,SOS,Vincenzo,Sospiri,1966-10-07,Italian
81,0,MOR,Gianni,Morbidelli,1968-01-13,Italian
82,0,FON,Norberto,Fontana,1975-01-20,Argentine
83,0,LAM,Pedro,Lamy,1972-03-20,Portuguese
84,0,BRU,Martin,Brundle,1959-06-01,British
85,0,MON,Andrea,Montermini,1964-05-30,Italian
86,0,LAV,Giovanni,Lavaggi,1958-02-18,Italian
87,0,BLU,Mark,Blundell,1966-04-08,British
88,0,SUZ,Aguri,Suzuki,1960-09-08,Japanese
89,0,INO,Taki,Inoue,1963-09-05,Japanese
90,0,MOR,Roberto,Moreno,1959-02-11,Brazilian
91,0,WEN,Karl,Wendlinger,1968-12-20,Austrian
92,0,GAC,Bertrand,Gachot,1962-12-23,Belgian
93,0,SCH,Domenico,Schiattarella,1967-11-17,Italian
94,0,MAR,Pierluigi,Martini,1961-04-23,Italian
95,0,MAN,Nigel,Mansell,1953-08-08,British
96,0,BOU,Jean-Christophe,Boullion,1969-12-27,French
97,0,PAP,Massimiliano,Papis,1969-10-03,Italian
98,0,DÉL,Jean-Denis,Délétraz,1963-10-01,Swiss
99,0,TAR,Gabriele,Tarquini,1962-03-02,Italian
100,0,COM,Érik,Comas,1963-09-28,French
101,0,BRA,David,Brabham,1965-09-05,Australian
102,0,SEN,Ayrton,Senna,1960-03-21,Brazilian
103,0,BER,Éric,Bernard,1964-08-24,French
104,0,FIT,Christian,Fittipaldi,1971-01-18,Brazilian
105,0,ALB,Michele,Alboreto,1956-12-23,Italian
106,0,BER,Olivier,Beretta,1969-11-23,Monegasque
107,0,RAT,Roland,Ratzenberger,1960-07-04,Austrian
108,0,BEL,Paul,Belmondo,1963-04-23,French
109,0,JÄR,Jyrki,Järvilehto,1966-01-31,Finnish
110,0,CES,Andrea,de Cesaris,1959-05-31,Italian
111,0,GOU,Jean-Marc,Gounon,1963-01-01,French
112,0,ALL,Philippe,Alliot,1954-07-27,French
113,0,ADA,Philippe,Adams,1969-11-19,Belgian
114,0,DAL,Yannick,Dalmas,1961-07-28,French
115,0,NOD,Hideki,Noda,1969-03-07,Japanese
116,0,LAG,Franck,Lagorce,1968-09-01,French
117,0,PRO,Alain,Prost,1955-02-24,French
118,0,WAR,Derek,Warwick,1954-08-27,British
119,0,PAT,Riccardo,Patrese,1954-04-17,Italian
120,0,BAR,Fabrizio,Barbazza,1963-04-02,Italian
121,0,AND,Michael,Andretti,1962-10-05,American
122,0,CAP,Ivan,Capelli,1963-05-24,Italian
123,0,BOU,Thierry,Boutsen,1957-07-13,Belgian
124,0,API,Marco,Apicella,1965-10-07,Italian
125,0,NAS,Emanuele,Naspetti,1968-02-24,Italian
126,0,SUZ,Toshio,Suzuki,1955-03-10,Japanese
127,0,GUG,Maurício,Gugelmin,1963-04-20,Brazilian
128,0,VAN,Eric,van de Poele,1961-09-30,Belgian
129,0,GRO,Olivier,Grouillard,1958-09-02,French
130,0,CHI,Andrea,Chiesa,1964-05-06,Swiss
131,0,MOD,Stefano,Modena,1963-05-12,Italian
132,0,AMA,Giovanna,Amati,1959-07-20,Italian
133,0,CAF,Alex,Caffi,1964-03-18,Italian
134,0,BER,Enrico,Bertaggia,1964-09-19,Italian
135,0,MCC,Perry,McCarthy,1961-03-03,British
136,0,LAM,Jan,Lammers,1956-06-02,Dutch
137,0,PIQ,Nelson,Piquet,1952-08-17,Brazilian
138,0,NAK,Satoru,Nakajima,1953-02-23,Japanese
139,0,PIR,Emanuele,Pirro,1962-01-12,Italian
140,0,JOH,Stefan,Johansson,1956-09-08,Swedish
141,0,BAI,Julian,Bailey,1961-10-09,British
142,0,CHA,Pedro,Chaves,1965-02-27,Portuguese
143,0,BAR,Michael,Bartels,1968-03-08,German
144,0,HAT,Naoki,Hattori,1966-06-13,Japanese
145,0,NAN,Alessandro,Nannini,1959-07-07,Italian
146,0,SCH,Bernd,Schneider,1964-07-20,German
147,0,BAR,Paolo,Barilla,1961-04-20,Italian
148,0,FOI,Gregor,Foitek,1965-03-27,Swiss
149,0,LAN,Claudio,Langes,1960-07-20,Italian
150,0,BRA,Gary,Brabham,1961-03-29,Australian
151,0,DON,Martin,Donnelly,1964-03-26,British
152,0,GIA,Bruno,Giacomelli,1952-09-10,Italian
153,0,ALG,Jaime,Alguersuari,1990-03-23,Spanish
154,8,GRO,Romain,Grosjean,1986-04-17,French
155,10,KOB,Kamui,Kobayashi,1986-09-13,Japanese
156,0,PAL,Jonathan,Palmer,1956-11-07,British
157,0,DAN,Christian,Danner,1958-04-04,German
158,0,CHE,Eddie,Cheever,1958-01-10,American
159,0,PÉR,Luis,Pérez-Sala,1959-05-15,Spanish
160,0,GHI,Piercarlo,Ghinzani,1952-01-16,Italian
161,0,WEI,Volker,Weidler,1962-03-18,German
162,0,RAP,Pierre-Henri,Raphanel,1961-05-27,French
163,0,ARN,René,Arnoux,1948-07-04,French
164,0,WIN,Joachim,Winkelhock,1960-10-24,German
165,0,LAR,Oscar,Larrauri,1954-08-19,Argentine
166,0,STR,Philippe,Streiff,1955-06-26,French
167,0,CAM,Adrián,Campos,1960-06-17,Spanish
168,0,SCH,Jean-Louis,Schlesser,1948-09-12,French
169,0,FAB,Pascal,Fabre,1960-01-09,French
170,0,FAB,Teo,Fabi,1955-03-09,Italian
171,0,FOR,Franco,Forini,1958-09-22,Swiss
172,0,LAF,Jacques,Laffite,1943-11-21,French
173,0,ANG,Elio,de Angelis,1958-03-26,Italian
174,0,DUM,Johnny,Dumfries,1958-04-26,British
175,0,TAM,Patrick,Tambay,1949-06-25,French
176,0,SUR,Marc,Surer,1951-09-18,Swiss
177,0,ROS,Keke,Rosberg,1948-12-06,Finnish
178,0,JON,Alan,Jones,1946-11-02,Australian
179,0,ROT,Huub,Rothengatter,1954-10-08,Dutch
180,0,BER,Allen,Berg,1961-08-01,Canadian
181,0,WIN,Manfred,Winkelhock,1951-10-06,German
182,0,LAU,Niki,Lauda,1949-02-22,Austrian
183,0,HES,François,Hesnault,1956-12-30,French
184,0,BAL,Mauro,Baldi,1954-01-31,Italian
185,0,BEL,Stefan,Bellof,1957-11-20,German
186,0,ACH,Kenny,Acheson,1957-11-27,British
187,0,WAT,John,Watson,1946-05-04,British
188,0,CEC,Johnny,Cecotto,1956-01-25,Venezuelan
189,0,GAR,Jo,Gartner,1954-01-24,Austrian
190,0,FAB,Corrado,Fabi,1961-04-12,Italian
191,0,THA,Mike,Thackwell,1961-03-30,New Zealander
192,0,SER,Chico,Serra,1957-02-03,Brazilian
193,0,SUL,Danny,Sullivan,1950-03-09,American
194,0,SAL,Eliseo,Salazar,1954-11-14,Chilean
195,0,GUE,Roberto,Guerrero,1958-11-16,Colombian
196,0,BOE,Raul,Boesel,1957-12-04,Brazilian
197,0,JAR,Jean-Pierre,Jarier,1946-07-10,French
198,0,VIL,Jacques,Villeneuve Sr.,1953-11-04,Canadian
199,0,REU,Carlos,Reutemann,1942-04-12,Argentine
200,0,MAS,Jochen,Mass,1946-09-30,German
201,0,BOR,Slim,Borgudd,1946-11-25,Swedish
202,0,PIR,Didier,Pironi,1952-03-26,French
203,0,VIL,Gilles,Villeneuve,1950-01-18,Canadian
204,0,PAL,Riccardo,Paletti,1958-06-15,Italian
205,0,HEN,Brian,Henton,1946-09-19,British
206,0,DAL,Derek,Daly,1953-03-11,Irish
207,0,AND,Mario,Andretti,1940-02-28,American
208,0,VIL,Emilio,de Villota,1946-07-26,Spanish
209,0,LEE,Geoff,Lees,1951-05-01,British
210,0,BYR,Tommy,Byrne,1958-05-06,Irish
211,0,KEE,Rupert,Keegan,1955-02-26,British
212,0,REB,Hector,Rebaque,1956-02-05,Mexican
213,0,GAB,Beppe,Gabbiani,1957-01-02,Italian
214,0,COG,Kevin,Cogan,1956-03-31,American
215,0,GUE,Miguel Ángel,Guerra,1953-08-31,Argentine
216,0,STO,Siegfried,Stohr,1952-10-10,Italian
217,0,ZUN,Ricardo,Zunino,1949-04-13,Argentine
218,0,LON,Ricardo,Londoño,1949-08-08,Colombian
219,0,JAB,Jean-Pierre,Jabouille,1942-10-01,French
220,0,FRA,Giorgio,Francia,1947-11-08,Italian
221,0,DEP,Patrick,Depailler,1944-08-09,French
222,0,SCH,Jody,Scheckter,1950-01-29,South African
223,0,REG,Clay,Regazzoni,1939-09-05,Swiss
224,0,FIT,Emerson,Fittipaldi,1946-12-12,Brazilian
225,0,KEN,Dave,Kennedy,1953-01-15,Irish
226,0,SOU,Stephen,South,1952-02-19,British
227,0,NEE,Tiff,Needell,1951-10-29,British
228,0,WIL,Desiré,Wilson,1953-11-26,South African
229,0,ERT,Harald,Ertl,1948-08-31,Austrian
230,0,BRA,Vittorio,Brambilla,1937-11-11,Italian
231,0,HUN,James,Hunt,1947-08-29,British
232,0,MER,Arturo,Merzario,1943-03-11,Italian
233,0,STU,Hans-Joachim,Stuck,1951-01-01,German
234,0,BRA,Gianfranco,Brancatelli,1950-01-18,Italian
235,0,ICK,Jacky,Ickx,1945-01-01,Belgian
236,0,GAI,Patrick,Gaillard,1952-02-12,French
237,0,RIB,Alex,Ribeiro,1948-11-07,Brazilian
238,0,PET,Ronnie,Peterson,1944-02-14,Swedish
239,0,LUN,Brett,Lunger,1945-11-14,American
240,0,ONG,Danny,Ongais,1942-05-21,American
241,0,LEO,Lamberto,Leoni,1953-05-24,Italian
242,0,GAL,Divina,Galica,1944-08-13,British
243,0,STO,Rolf,Stommelen,1943-07-11,German
244,0,COL,Alberto,Colombo,1946-02-23,Italian
245,0,TRI,Tony,Trimmer,1943-01-24,British
246,0,BIN,Hans,Binder,1948-06-12,Austrian
247,0,BLE,Michael,Bleekemolen,1949-10-02,Dutch
248,0,FRA,Carlo,Franchi,1938-01-01,Italian
249,0,RAH,Bobby,Rahal,1953-01-10,American
250,0,PAC,Carlos,Pace,1944-10-06,Brazilian
251,0,SCH,Ian,Scheckter,1947-08-22,South African
252,0,PRY,Tom,Pryce,1949-06-11,British
253,0,HOF,Ingo,Hoffmann,1953-02-28,Brazilian
254,0,ZOR,Renzo,Zorzi,1946-12-12,Italian
255,0,NIL,Gunnar,Nilsson,1948-11-20,Swedish
256,0,PER,Larry,Perkins,1950-03-18,Australian
257,0,LUN,Boy,Lunger,1949-05-03,Dutch
258,0,NÈV,Patrick,Nève,1949-10-13,Belgian
259,0,PUR,David,Purley,1945-01-26,British
260,0,AND,Conny,Andersson,1939-12-28,Swedish
261,0,DRY,Bernard,de Dryver,1952-09-19,Belgian
262,0,OLI,Jackie,Oliver,1942-08-14,British
263,0,KOZ,Mikko,Kozarowitzky,1948-05-17,Finnish
264,0,SUT,Andy,Sutcliffe,1947-05-09,British
265,0,EDW,Guy,Edwards,1942-12-30,British
266,0,MCG,Brian,McGuire,1945-12-13,Australian
267,0,SCH,Vern,Schuppan,1943-03-19,Australian
268,0,HEY,Hans,Heyer,1943-03-16,German
269,0,PIL,Teddy,Pilette,1942-07-26,Belgian
270,0,ASH,Ian,Ashley,1947-10-26,British
271,0,KES,Loris,Kessel,1950-04-01,Swiss
272,0,TAK,Kunimitsu,Takahashi,1940-01-29,Japanese
273,0,HOS,Kazuyoshi,Hoshino,1947-07-01,Japanese
274,0,TAK,Noritake,Takahara,1951-06-06,Japanese
275,0,LOM,Lella,Lombardi,1941-03-26,Italian
276,0,EVA,Bob,Evans,1947-06-11,British
277,0,LEC,Michel,Leclère,1946-03-18,French
278,0,AMO,Chris,Amon,1943-07-20,New Zealander
279,0,ZAP,Emilio,Zapico,1944-05-27,Spanish
280,0,PES,Henri,Pescarolo,1942-09-25,French
281,0,NEL,Jac,Nelleman,1944-04-19,Danish
282,0,MAG,Damien,Magee,1945-11-17,British
283,0,WIL,Mike,Wilds,1946-01-07,British
284,0,PES,Alessandro,Pesenti-Rossi,1942-08-31,Italian
285,0,STU,Otto,Stuppacher,1947-03-03,Austrian
286,0,BRO,Warwick,Brown,1949-12-24,Australian
287,0,HAS,Masahiro,Hasemi,1945-11-13,Japanese
288,0,DON,Mark,Donohue,1937-03-18,American
289,0,HIL,Graham,Hill,1929-02-15,British
290,0,FIT,Wilson,Fittipaldi,1943-12-25,Brazilian
291,0,TUN,Guy,Tunmer,1948-12-01,South African
292,0,KEI,Eddie,Keizan,1944-09-12,South African
293,0,CHA,Dave,Charlton,1936-10-27,South African
294,0,BRI,Tony,Brise,1952-03-28,British
295,0,WUN,Roelof,Wunderink,1948-12-12,Dutch
296,0,MIG,François,Migault,1944-12-04,French
297,0,PAL,Torsten,Palm,1947-07-23,Swedish
298,0,VAN,Gijs,van Lennep,1942-03-16,Dutch
299,0,FUS,Hiroshi,Fushida,1946-03-10,Japanese
300,0,NIC,John,Nicholson,1941-10-06,New Zealander
301,0,MOR,Dave,Morgan,1944-08-07,British
302,0,CRA,Jim,Crawford,1948-02-13,British
303,0,VON,Jo,Vonlanthen,1942-05-31,Swiss
304,0,HUL,Denny,Hulme,1936-06-18,New Zealander
305,0,HAI,Mike,Hailwood,1940-04-02,British
306,0,BEL,Jean-Pierre,Beltoise,1937-04-26,French
307,0,GAN,Howden,Ganley,1941-12-24,New Zealander
308,0,ROB,Richard,Robarts,1944-09-22,British
309,0,REV,Peter,Revson,1939-02-27,American
310,0,DRI,Paddy,Driver,1934-05-13,South African
311,0,BEL,Tom,Belsø,1942-08-27,Danish
312,0,RED,Brian,Redman,1937-03-09,British
313,0,VON,Rikky,von Opel,1947-10-14,Liechtensteiner
314,0,SCH,Tim,Schenken,1943-09-26,Australian
315,0,LAR,Gérard,Larrousse,1940-05-23,French
316,0,KIN,Leo,Kinnunen,1943-08-05,Finnish
317,0,WIS,Reine,Wisell,1941-09-30,Swedish
318,0,ROO,Bertil,Roos,1943-10-12,Swedish
319,0,DOL,José,Dolhem,1944-04-26,French
320,0,GET,Peter,Gethin,1940-02-21,British
321,0,BEL,Derek,Bell,1941-10-31,British
322,0,HOB,David,Hobbs,1939-06-09,British
323,0,QUE,Dieter,Quester,1939-05-30,Austrian
324,0,KOI,Helmuth,Koinigg,1948-11-03,Austrian
325,0,FAC,Carlo,Facetti,1935-06-26,Italian
326,0,WIE,Eppie,Wietzes,1938-05-28,Canadian
327,0,CEV,François,Cevert,1944-02-25,French
328,0,STE,Jackie,Stewart,1939-06-11,British
329,0,BEU,Mike,Beuttler,1940-04-13,British
330,0,GAL,Nanni,Galli,1940-10-02,Italian
331,0,BUE,Luiz,Bueno,1937-01-16,Brazilian
332,0,FOL,George,Follmer,1934-01-27,American
333,0,ADA,Andrea,de Adamich,1941-10-03,Italian
334,0,PRE,Jackie,Pretorius,1934-11-22,South African
335,0,WIL,Roger,Williamson,1948-02-02,British
336,0,MCR,Graham,McRae,1940-03-05,New Zealander
337,0,MAR,Helmut,Marko,1943-04-27,Austrian
338,0,WAL,David,Walker,1941-06-10,Australian
339,0,SOL,Alex,Soler-Roig,1932-10-29,Spanish
340,0,LOV,John,Love,1924-12-07,Rhodesian
341,0,SUR,John,Surtees,1934-02-11,British
342,0,BAR,Skip,Barber,1936-11-16,American
343,0,BRA,Bill,Brack,1935-12-26,Canadian
344,0,POS,Sam,Posey,1944-05-26,American
345,0,ROD,Pedro,Rodríguez,1940-01-18,Mexican
346,0,SIF,Jo,Siffert,1936-07-07,Swiss
347,0,BON,Jo,Bonnier,1930-01-31,Swedish
348,0,MAZ,François,Mazet,1943-02-24,French
349,0,JEA,Max,Jean,1943-07-27,French
350,0,ELF,Vic,Elford,1935-06-10,British
351,0,MOS,Silvio,Moser,1941-04-24,Swiss
352,0,EAT,George,Eaton,1945-11-12,Canadian
353,0,LOV,Pete,Lovely,1926-04-11,American
354,0,CRA,Chris,Craft,1939-11-17,British
355,0,CAN,John,Cannon,1933-06-21,Canadian
356,0,BRA,Jack,Brabham,1926-04-02,Australian
357,0,MIL,John,Miles,1943-06-14,British
358,0,RIN,Jochen,Rindt,1942-04-18,Austrian
359,0,SER,Johnny,Servoz-Gavin,1942-01-18,French
360,0,MCL,Bruce,McLaren,1937-08-30,New Zealander
361,0,COU,Piers,Courage,1942-05-27,British
362,0,KLE,Peter,de Klerk,1935-03-16,South African
363,0,GIU,Ignazio,Giunti,1941-08-30,Italian
364,0,GUR,Dan,Gurney,1931-04-13,American
365,0,HAH,Hubert,Hahne,1935-03-28,German
366,0,HUT,Gus,Hutchison,1937-04-26,American
367,0,WES,Peter,Westbury,1938-05-26,British
368,0,TIN,Sam,Tingle,1921-08-24,Rhodesian
369,0,VAN,Basil,van Rooyen,1939-04-19,South African
370,0,ATT,Richard,Attwood,1940-04-04,British
371,0,PEA,Al,Pease,1921-10-15,Canadian
372,0,COR,John,Cordts,1935-07-23,Canadian
373,0,CLA,Jim,Clark,1936-03-04,British
374,0,SPE,Mike,Spence,1936-12-30,British
375,0,SCA,Ludovico,Scarfiotti,1933-10-18,Italian
376,0,BIA,Lucien,Bianchi,1934-11-10,Belgian
377,0,SCH,Jo,Schlesser,1928-05-18,French
378,0,WID,Robin,Widdows,1942-05-27,British
379,0,AHR,Kurt,Ahrens,1940-04-19,German
380,0,GAR,Frank,Gardner,1930-10-01,Australian
381,0,UNS,Bobby,Unser,1934-02-20,American
382,0,SOL,Moisés,Solana,1935-12-26,Mexican
383,0,AND,Bob,Anderson,1931-05-19,British
384,0,BOT,Luki,Botha,1930-01-16,South African
385,0,BAN,Lorenzo,Bandini,1935-12-21,Italian
386,0,GIN,Richie,Ginther,1930-08-05,American
387,0,PAR,Mike,Parkes,1931-09-24,British
388,0,IRW,Chris,Irwin,1942-06-27,British
389,0,LIG,Guy,Ligier,1930-07-12,French
390,0,REE,Alan,Rees,1938-01-12,British
391,0,HAR,Brian,Hart,1936-09-07,British
392,0,FIS,Mike,Fisher,1943-03-13,American
393,0,JON,Tom,Jones,1943-04-26,American
394,0,BAG,Giancarlo,Baghetti,1934-12-25,Italian
395,0,WIL,Jonathan,Williams,1942-10-26,British
396,0,BON,Bob,Bondurant,1933-04-27,American
397,0,ARU,Peter,Arundell,1933-11-08,British
398,0,WIL,Vic,Wilson,1931-04-14,British
399,0,TAY,John,Taylor,1933-03-23,British
400,0,LAW,Chris,Lawrence,1933-07-27,British
401,0,TAY,Trevor,Taylor,1936-12-26,British
402,0,RUS,Giacomo,Russo,1937-10-23,Italian
403,0,HIL,Phil,Hill,1927-04-20,American
404,0,IRE,Innes,Ireland,1930-06-12,British
405,0,BUC,Ronnie,Bucknum,1936-04-05,American
406,0,HAW,Paul,Hawkins,1937-10-12,Australian
407,0,PRO,David,Prophet,1937-10-09,British
408,0,MAG,Tony,Maggs,1937-02-09,South African
409,0,BLO,Trevor,Blokdyk,1935-11-30,South African
410,0,LED,Neville,Lederle,1938-09-25,South African
411,0,SER,Doug,Serrurier,1920-12-09,South African
412,0,NIE,Brausch,Niemann,1939-01-07,South African
413,0,PIE,Ernie,Pieterse,1938-07-04,South African
414,0,PUZ,Clive,Puzey,1941-07-11,Rhodesian
415,0,REE,Ray,Reed,1932-04-30,South African
416,0,CLA,David,Clapham,1931-05-18,South African
417,0,BLI,Alex,Blignaut,1932-11-30,South African
418,0,GRE,Masten,Gregory,1932-02-29,American
419,0,RHO,John,Rhodes,1927-08-18,British
420,0,RAB,Ian,Raby,1921-09-22,British
421,0,ROL,Alan,Rollinson,1943-05-15,British
422,0,GUB,Brian,Gubby,1934-04-17,British
423,0,MIT,Gerhard,Mitter,1935-08-30,German
424,0,BUS,Roberto,Bussinello,1927-10-04,Italian
425,0,VAC,Nino,Vaccarella,1933-03-04,Italian
426,0,BAS,Giorgio,Bassi,1934-01-20,Italian
427,0,TRI,Maurice,Trintignant,1917-10-30,French
428,0,COL,Bernard,Collomb,1930-10-07,French
429,0,PIL,André,Pilette,1918-10-06,Belgian
430,0,BEA,Carel Godin,de Beaufort,1934-04-10,Dutch
431,0,BAR,Edgar,Barth,1917-01-26,German
432,0,CAB,Mário de Araújo,Cabral,1934-01-15,Portuguese
433,0,HAN,Walt,Hansgen,1919-10-28,American
434,0,SHA,Hap,Sharp,1928-01-01,American
435,0,MAI,Willy,Mairesse,1928-10-01,Belgian
436,0,CAM,John,Campbell-Jones,1930-01-21,British
437,0,BUR,Ian,Burgess,1930-07-06,British
438,0,SET,Tony,Settember,1926-07-10,American
439,0,EST,Nasif,Estéfano,1932-11-18,Argentine
440,0,HAL,Jim,Hall,1935-07-23,American
441,0,PAR,Tim,Parnell,1932-06-25,British
442,0,KUH,Kurt,Kuhnke,1910-04-30,German
443,0,BRA,Ernesto,Brambilla,1934-01-31,Italian
444,0,LIP,Roberto,Lippi,1926-10-17,Italian
445,0,SEI,Günther,Seiffert,1937-10-18,German
446,0,ABA,Carlo,Abate,1932-07-10,Italian
447,0,STA,Gaetano,Starrabba,1932-12-03,Italian
448,0,BRO,Peter,Broeker,1926-05-15,Canadian
449,0,WAR,Rodger,Ward,1921-01-10,American
450,0,VOS,Ernie,de Vos,1941-07-01,Dutch
451,0,DOC,Frank,Dochnal,1920-10-08,American
452,0,MON,Thomas,Monarch,1945-09-03,American
842,10,GAS,Pierre,Gasly,1996-02-07,French
453,0,LEW,Jackie,Lewis,1936-11-01,British
454,0,ROD,Ricardo,Rodríguez,1942-02-14,Mexican
455,0,SEI,Wolfgang,Seidel,1926-07-04,German
456,0,SAL,Roy,Salvadori,1922-05-12,British
457,0,PON,Ben,Pon,1936-12-09,Dutch
458,0,SLO,Rob,Slotemaker,1929-06-13,Dutch
459,0,MAR,Tony,Marsh,1931-07-20,British
460,0,ASH,Gerry,Ashmore,1936-07-25,British
461,0,SCH,Heinz,Schiller,1930-01-25,Swiss
462,0,DAV,Colin,Davis,1933-07-29,British
463,0,CHA,Jay,Chamberlain,1925-12-29,American
464,0,SHE,Tony,Shelly,1937-02-02,New Zealander
465,0,GRE,Keith,Greene,1938-01-05,British
466,0,WAL,Heini,Walter,1927-07-28,Swiss
467,0,PRI,Ernesto,Prinoth,1923-04-15,Italian
468,0,PEN,Roger,Penske,1937-02-20,American
469,0,SCH,Rob,Schroeder,1926-05-11,British
470,0,MAY,Timmy,Mayer,1938-02-22,American
471,0,JOH,Bruce,Johnstone,1937-01-30,South African
472,0,HAR,Mike,Harris,1939-05-25,South African
473,0,HOC,Gary,Hocking,1937-09-30,Rhodesian
474,0,VAN,Syd,van der Vyver,1920-06-01,South African
475,0,MOS,Stirling,Moss,1929-09-17,British
476,0,VON,Wolfgang,von Trips,1928-05-04,German
477,0,ALL,Cliff,Allison,1932-02-08,British
478,0,HER,Hans,Herrmann,1928-02-23,German
479,0,BRO,Tony,Brooks,1932-02-25,British
480,0,MAY,Michael,May,1934-08-18,Swiss
481,0,TAY,Henry,Taylor,1932-12-16,British
482,0,GEN,Olivier,Gendebien,1924-01-12,Belgian
483,0,SCA,Giorgio,Scarlatti,1921-10-02,Italian
484,0,NAY,Brian,Naylor,1923-03-24,British
485,0,BOR,Juan Manuel,Bordeu,1934-01-28,Argentine
486,0,FAI,Jack,Fairman,1913-03-15,British
487,0,NAT,Massimo,Natili,1935-07-28,Italian
488,0,MON,Peter,Monteverdi,1934-06-07,Swiss
489,0,PIR,Renato,Pirocchi,1933-03-26,Italian
490,0,DUK,Geoff,Duke,1923-03-29,British
491,0,THI,Alfonso,Thiele,1920-04-05,American-Italian
492,0,BOF,Menato,Boffa,1930-01-04,Italian
493,0,RYA,Peter,Ryan,1940-06-10,Canadian
494,0,RUB,Lloyd,Ruby,1928-01-12,American
495,0,MIL,Ken,Miles,1918-11-01,British
496,0,MEN,Carlos,Menditeguy,1914-08-10,Argentine
497,0,LAR,Alberto Rodriguez,Larreta,1934-01-14,Argentine
498,0,GON,José Froilán,González,1922-10-05,Argentine
499,0,BON,Roberto,Bonomi,1919-09-30,Argentine
500,0,MUN,Gino,Munaron,1928-04-02,Italian
501,0,SCH,Harry,Schell,1921-06-29,American
502,0,STA,Alan,Stacey,1933-08-29,British
503,0,CHI,Ettore,Chimeri,1921-06-04,Venezuelan
504,0,CRE,Antonio,Creus,1924-10-28,Spanish
505,0,BRI,Chris,Bristow,1937-12-02,British
506,0,HAL,Bruce,Halford,1931-05-18,British
507,0,DAI,Chuck,Daigh,1923-11-29,American
508,0,REV,Lance,Reventlow,1936-02-24,American
509,0,RAT,Jim,Rathmann,1928-07-16,American
510,0,GOL,Paul,Goldsmith,1925-10-02,American
511,0,BRA,Don,Branson,1920-06-02,American
512,0,THO,Johnny,Thomson,1922-04-09,American
513,0,JOH,Eddie,Johnson,1919-02-10,American
514,0,VEI,Bob,Veith,1926-11-01,American
515,0,TIN,Bud,Tingelstad,1928-04-04,American
516,0,CHR,Bob,Christie,1924-04-04,American
517,0,AMI,Red,Amick,1929-01-19,American
518,0,CAR,Duane,Carter,1913-05-05,American
519,0,HOM,Bill,Homeier,1918-08-31,American
520,0,HAR,Gene,Hartley,1926-01-28,American
521,0,STE,Chuck,Stevenson,1919-10-15,American
522,0,GRI,Bobby,Grim,1924-09-04,American
523,0,TEM,Shorty,Templeman,1919-08-12,American
524,0,HUR,Jim,Hurtubise,1932-12-05,American
525,0,BRY,Jimmy,Bryan,1926-01-28,American
526,0,RUT,Troy,Ruttman,1930-03-11,American
527,0,SAC,Eddie,Sachs,1927-05-28,American
528,0,FRE,Don,Freeland,1925-03-25,American
529,0,BET,Tony,Bettenhausen,1916-09-12,American
530,0,WEI,Wayne,Weiler,1934-12-09,American
531,0,FOY,Anthony,Foyt,1935-01-16,American
532,0,RUS,Eddie,Russo,1925-11-19,American
533,0,BOY,Johnny,Boyd,1926-08-19,American
534,0,FOR,Gene,Force,1916-06-15,American
535,0,MCW,Jim,McWithey,1927-07-04,American
536,0,SUT,Len,Sutton,1925-08-09,American
537,0,RAT,Dick,Rathmann,1924-01-06,American
538,0,HER,Al,Herman,1927-03-15,American
539,0,WIL,Dempsey,Wilson,1927-03-11,American
540,0,TAY,Mike,Taylor,1934-04-24,British
541,0,FLO,Ron,Flockhart,1923-06-16,British
542,0,PIP,David,Piper,1930-12-02,British
543,0,CAB,Giulio,Cabianca,1923-02-19,Italian
544,0,DRO,Piero,Drogo,1926-08-08,Italian
545,0,GAM,Fred,Gamble,1932-03-17,American
546,0,OWE,Arthur,Owen,1915-03-23,British
547,0,GOU,Horace,Gould,1918-09-20,British
548,0,DRA,Bob,Drake,1919-12-14,American
549,0,BUE,Ivor,Bueb,1923-06-06,British
550,0,CHA,Alain,de Changy,1922-02-05,Belgian
551,0,FIL,Maria,de Filippis,1926-11-11,Italian
552,0,LUC,Jean,Lucienbonnet,1923-01-07,French
553,0,TES,André,Testut,1926-04-13,Monegasque
554,0,BEH,Jean,Behra,1921-02-16,French
555,0,RUS,Paul,Russo,1914-04-10,American
556,0,DAY,Jimmy,Daywalt,1924-08-28,American
557,0,ARN,Chuck,Arnold,1926-05-30,American
558,0,KEL,Al,Keller,1920-04-11,American
559,0,FLA,Pat,Flaherty,1926-01-06,American
560,0,CHE,Bill,Cheesbourg,1927-06-12,American
561,0,CRA,Ray,Crawford,1915-10-26,American
562,0,TUR,Jack,Turner,1920-02-12,American
563,0,WEY,Chuck,Weyant,1923-04-03,American
564,0,LAR,Jud,Larson,1923-01-21,American
565,0,MAG,Mike,Magill,1920-02-08,American
566,0,SHE,Carroll,Shelby,1923-01-11,American
567,0,D'O,Fritz,d'Orey,1938-03-25,Brazilian
568,0,FON,Azdrubal,Fontes,1922-12-26,Uruguayan
569,0,ASH,Peter,Ashdown,1934-10-16,British
570,0,MOS,Bill,Moss,1933-09-04,British
571,0,TAY,Dennis,Taylor,1921-06-12,British
572,0,BLA,Harry,Blanchard,1929-06-13,American
573,0,TOM,Alessandro,de Tomaso,1928-07-10,Argentine-Italian
574,0,CON,George,Constantine,1918-02-22,American
575,0,SAI,Bob,Said,1932-05-05,American
576,0,CAD,Phil,Cade,1916-06-12,American
577,0,MUS,Luigi,Musso,1924-07-28,Italian
578,0,HAW,Mike,Hawthorn,1929-04-10,British
579,0,FAN,Juan,Fangio,1911-06-24,Argentine
580,0,GOD,Paco,Godia,1921-03-21,Spanish
581,0,COL,Peter,Collins,1931-11-06,British
582,0,KAV,Ken,Kavanagh,1923-12-12,Australian
583,0,GER,Gerino,Gerini,1928-08-10,Italian
584,0,KES,Bruce,Kessler,1936-03-23,American
585,0,EME,Paul,Emery,1916-11-12,British
586,0,PIO,Luigi,Piotti,1913-10-27,Italian
587,0,ECC,Bernie,Ecclestone,1930-10-28,British
588,0,TAR,Luigi,Taramazzo,1932-05-05,Italian
589,0,CHI,Louis,Chiron,1899-08-03,Monegasque
590,0,LEW,Stuart,Lewis-Evans,1930-04-20,British
591,0,AMI,George,Amick,1924-10-24,American
592,0,REE,Jimmy,Reece,1929-11-17,American
593,0,PAR,Johnnie,Parsons,1918-07-04,American
594,0,TOL,Johnnie,Tolan,1917-10-22,American
595,0,GAR,Billy,Garrett,1933-04-24,American
596,0,ELI,Ed,Elisian,1926-12-09,American
597,0,O'C,Pat,O'Connor,1928-10-09,American
598,0,UNS,Jerry,Unser,1932-11-15,American
599,0,BIS,Art,Bisch,1926-11-10,American
600,0,GOE,Christian,Goethals,1928-08-04,Belgian
601,0,GIB,Dick,Gibson,1918-04-16,British
602,0,LA,Robert,La Caze,1917-02-26,French
603,0,GUE,André,Guelfi,1919-05-06,French
604,0,PIC,François,Picard,1921-04-26,French
605,0,BRI,Tom,Bridger,1934-06-24,British
606,0,POR,Alfonso,de Portago,1928-10-11,Spanish
607,0,PER,Cesare,Perdisa,1932-10-21,Italian
608,0,CAS,Eugenio,Castellotti,1930-10-10,Italian
609,0,SIM,André,Simon,1920-01-05,French
610,0,LES,Les,Leston,1920-12-16,British
611,0,HAN,Sam,Hanks,1914-07-13,American
612,0,LIN,Andy,Linden,1922-04-05,American
613,0,TEA,Marshall,Teague,1921-02-22,American
614,0,EDM,Don,Edmunds,1930-09-23,American
615,0,AGA,Fred,Agabashian,1913-08-21,American
616,0,GEO,Elmer,George,1928-07-15,American
617,0,MAC,Mike,MacDowel,1932-09-13,British
618,0,MAC,Herbert,MacKay-Fraser,1927-06-23,American
619,0,GER,Bob,Gerard,1914-01-19,British
620,0,MAG,Umberto,Maglioli,1928-06-05,Italian
621,0,ENG,Paul,England,1929-03-28,Australian
622,0,LAN,Chico,Landi,1907-07-14,Brazilian
623,0,URI,Alberto,Uria,1924-07-11,Uruguayan
624,0,SIL,Hernando,da Silva Ramos,1925-12-07,Brazilian
625,0,BAY,Élie,Bayol,1914-02-28,French
626,0,MAN,Robert,Manzon,1917-04-12,French
627,0,ROS,Louis,Rosier,1905-11-05,French
628,0,SWE,Bob,Sweikert,1926-05-20,American
629,0,GRI,Cliff,Griffith,1916-02-06,American
630,0,DIN,Duke,Dinsmore,1913-04-10,American
631,0,AND,Keith,Andrews,1920-06-15,American
632,0,FRÈ,Paul,Frère,1917-01-30,Belgian
633,0,VIL,Luigi,Villoresi,1909-05-16,Italian
634,0,SCO,Piero,Scotti,1909-11-11,Italian
635,0,CHA,Colin,Chapman,1928-05-19,British
636,0,TIT,Desmond,Titterington,1928-05-01,British
637,0,SCO,Archie,Scott Brown,1927-05-13,British
638,0,VOL,Ottorino,Volonterio,1917-12-07,Swiss
639,0,MIL,André,Milhoux,1928-12-09,Belgian
640,0,GRA,Toulo,de Graffenried,1914-05-18,Swiss
641,0,TAR,Piero,Taruffi,1906-10-12,Italian
642,0,FAR,Nino,Farina,1906-10-30,Italian
643,0,MIE,Roberto,Mieres,1924-12-03,Argentine
644,0,MAN,Sergio,Mantovani,1929-05-22,Italian
645,0,BUC,Clemar,Bucci,1920-09-04,Argentine
646,0,IGL,Jesús,Iglesias,1922-02-22,Argentine
647,0,ASC,Alberto,Ascari,1918-07-13,Italian
648,0,KLI,Karl,Kling,1910-09-16,German
649,0,BIR,Pablo,Birger,1924-01-07,Argentine
650,0,POL,Jacques,Pollet,1922-07-02,French
651,0,MAC,Lance,Macklin,1919-09-02,British
652,0,WHI,Ted,Whiteaway,1928-11-01,British
653,0,DAV,Jimmy,Davies,1929-08-08,American
654,0,FAU,Walt,Faulkner,1920-02-16,American
655,0,NID,Cal,Niday,1914-04-29,American
656,0,CRO,Art,Cross,1918-01-24,American
657,0,VUK,Bill,Vukovich,1918-12-13,American
658,0,MCG,Jack,McGrath,1919-10-08,American
659,0,HOY,Jerry,Hoyt,1929-01-29,American
660,0,CLA,Johnny,Claes,1916-08-11,Belgian
661,0,WAL,Peter,Walker,1912-10-07,British
662,0,SPA,Mike,Sparken,1930-06-16,French
663,0,WHA,Ken,Wharton,1916-03-21,British
664,0,MCA,Kenneth,McAlpine,1920-09-21,British
665,0,MAR,Leslie,Marr,1922-08-14,British
666,0,ROL,Tony,Rolt,1918-10-16,British
667,0,FIT,John,Fitch,1917-08-04,American
668,0,LUC,Jean,Lucas,1917-04-25,French
669,0,BIR,Prince,Bira,1914-07-15,Thai
670,0,MAR,Onofre,Marimón,1923-12-19,Argentine
671,0,LOY,Roger,Loyer,1907-08-05,French
672,0,DAP,Jorge,Daponte,1923-06-05,Argentine
673,0,NAZ,Mike,Nazaruk,1921-10-02,American
674,0,CRO,Larry,Crockett,1926-10-23,American
675,0,AYU,Manny,Ayulo,1921-10-20,American
676,0,ARM,Frank,Armi,1918-10-12,American
677,0,WEB,Travis,Webb,1910-10-08,American
678,0,DUN,Len,Duncan,1911-07-25,American
679,0,MCC,Ernie,McCoy,1921-02-19,American
680,0,SWA,Jacques,Swaters,1926-10-30,American
681,0,BER,Georges,Berger,1918-09-14,Belgian
682,0,BEA,Don,Beauman,1928-07-26,British
683,0,THO,Leslie,Thorne,1916-06-23,British
684,0,WHI,Bill,Whitehouse,1909-04-01,British
685,0,RIS,John,Riseley-Prichard,1924-01-17,British
686,0,PAR,Reg,Parnell,1911-07-02,British
687,0,WHI,Peter,Whitehead,1914-11-12,British
688,0,BRA,Eric,Brandon,1920-07-18,British
689,0,BRO,Alan,Brown,1919-11-20,British
690,0,NUC,Rodney,Nuckey,1929-06-26,British
691,0,LAN,Hermann,Lang,1909-04-06,German
692,0,HEL,Theo,Helfrich,1913-05-13,German
693,0,WAC,Fred,Wacker,1918-07-10,American
694,0,RIU,Giovanni,de Riu,1925-03-10,Italian
695,0,GÁL,Oscar,Gálvez,1913-08-17,Argentine
696,0,BAR,John,Barber,1929-07-22,British
697,0,BON,Felice,Bonetto,1903-06-09,Italian
698,0,CRU,Adolfo,Cruz,1923-06-28,Argentine
699,0,NAL,Duke,Nalon,1913-03-02,American
700,0,SCA,Carl,Scarborough,1914-07-03,American
701,0,HOL,Bill,Holland,1907-12-18,American
702,0,SCO,Bob,Scott,1928-10-04,American
703,0,LEG,Arthur,Legat,1898-11-01,Belgian
704,0,CAB,Yves,Cabantous,1904-10-08,French
705,0,CRO,Tony,Crook,1920-02-16,British
706,0,STE,Jimmy,Stewart,1931-03-06,British
707,0,STE,Ian,Stewart,1929-07-15,British
708,0,HAM,Duncan,Hamilton,1920-04-30,British
709,0,KLO,Ernst,Klodwig,1903-05-23,East German
710,0,KRA,Rudolf,Krause,1907-03-30,East German
711,0,KAR,Oswald,Karch,1917-03-06,German
712,0,HEE,Willi,Heeks,1922-02-13,German
713,0,FIT,Theo,Fitzau,1923-02-10,East German
714,0,ADO,Kurt,Adolff,1921-11-05,German
715,0,BEC,Günther,Bechem,1921-12-21,German
716,0,BAU,Erwin,Bauer,1912-07-17,German
717,0,VON,Hans,von Stuck,1900-12-27,German
718,0,LOO,Ernst,Loof,1907-07-04,German
719,0,SCH,Albert,Scherrer,1908-02-28,Swiss
720,0,TER,Max,de Terra,1918-10-06,Swiss
721,0,HIR,Peter,Hirt,1910-03-30,Swiss
722,0,CAR,Piero,Carini,1921-03-06,Italian
723,0,FIS,Rudi,Fischer,1912-04-19,Swiss
724,0,ULM,Toni,Ulmen,1906-01-25,German
725,0,ABE,George,Abecassis,1913-03-21,British
726,0,CON,George,Connor,1906-08-16,American
727,0,RIG,Jim,Rigsby,1923-06-06,American
728,0,JAM,Joe,James,1925-05-23,American
729,0,SCH,Bill,Schindler,1909-03-06,American
730,0,FON,George,Fonder,1917-06-22,American
731,0,BAN,Henry,Banks,1913-06-14,American
732,0,MCD,Johnny,McDowell,1915-01-29,American
733,0,MIL,Chet,Miller,1902-07-19,American
734,0,BAL,Bobby,Ball,1925-08-26,American
735,0,TOR,Charles,de Tornaco,1927-06-07,Belgian
736,0,LAU,Roger,Laurent,1913-02-21,Belgian
737,0,O'B,Robert,O'Brien,1908-04-11,American
738,0,GAZ,Tony,Gaze,1920-02-03,Australian
739,0,MON,Robin,Montgomerie-Charrington,1915-06-23,British
740,0,COM,Franco,Comotti,1906-07-24,Italian
741,0,ÉTA,Philippe,Étancelin,1896-12-28,French
742,0,POO,Dennis,Poore,1916-08-19,British
743,0,THO,Eric,Thompson,1919-11-04,British
744,0,DOW,Ken,Downing,1917-12-05,British
745,0,WHI,Graham,Whitehead,1922-04-15,British
746,0,BIA,Gino,Bianco,1916-07-22,Brazilian
747,0,MUR,David,Murray,1909-12-28,British
748,0,CAN,Eitel,Cantoni,1906-10-04,Uruguayan
749,0,AST,Bill,Aston,1900-03-29,British
750,0,BRU,Adolf,Brudes,1899-10-15,German
751,0,RIE,Fritz,Riess,1922-07-11,German
752,0,NIE,Helmut,Niedermayr,1915-11-29,German
753,0,KLE,Hans,Klenk,1919-10-28,German
754,0,BAL,Marcel,Balsa,1909-01-01,French
755,0,SCH,Rudolf,Schoeller,1902-04-27,Swiss
756,0,PIE,Paul,Pietsch,1911-06-20,German
757,0,PET,Josef,Peters,1914-09-16,German
758,0,VAN,Dries,van der Lof,1919-08-23,Dutch
759,0,FLI,Jan,Flinterman,1919-10-02,Dutch
760,0,DUS,Piero,Dusio,1899-10-13,Italian
761,0,CRE,Alberto,Crespo,1920-01-16,Argentine
762,0,ROL,Franco,Rol,1908-06-05,Italian
763,0,SAN,Consalvo,Sanesi,1911-03-28,Italian
764,0,MAI,Guy,Mairesse,1910-08-10,French
765,0,LOU,Henri,Louveau,1910-01-25,French
766,0,WAL,Lee,Wallard,1910-09-07,American
767,0,FOR,Carl,Forberg,1911-03-04,American
768,0,ROS,Mauri,Rose,1906-05-26,American
769,0,MAC,Bill,Mackey,1927-12-15,American
770,0,GRE,Cecil,Green,1919-09-30,American
771,0,BRO,Walt,Brown,1911-12-30,American
772,0,HEL,Mack,Hellings,1915-09-14,American
773,0,LEV,Pierre,Levegh,1905-12-22,French
774,0,CHA,Eugène,Chaboud,1907-04-12,French
775,0,GOR,Aldo,Gordini,1921-05-20,French
776,0,KEL,Joe,Kelly,1913-03-13,Irish
777,0,FOT,Philip,Fotheringham-Parker,1907-09-22,British
778,0,SHA,Brian,Shawe Taylor,1915-01-28,British
779,0,JAM,John,James,1914-05-10,British
780,0,BRA,Toni,Branca,1916-09-15,Swiss
781,0,RIC,Ken,Richardson,1911-08-21,British
782,0,JOV,Juan,Jover,1903-11-23,Spanish
783,0,GRI,Georges,Grignard,1905-07-25,French
784,0,HAM,David,Hampshire,1917-12-29,British
785,0,CRO,Geoff,Crossley,1921-05-11,British
786,0,FAG,Luigi,Fagioli,1898-06-09,Italian
787,0,HAR,Cuth,Harrison,1906-07-06,British
788,0,FRY,Joe,Fry,1915-10-26,British
789,0,MAR,Eugène,Martin,1915-03-24,French
790,0,JOH,Leslie,Johnson,1912-03-22,British
791,0,BIO,Clemente,Biondetti,1898-08-18,Italian
792,0,PIÁ,Alfredo,Pián,1912-10-21,Argentine
793,0,SOM,Raymond,Sommer,1906-08-31,French
794,0,CHI,Joie,Chitwood,1912-04-14,American
795,0,FOH,Myron,Fohr,1912-06-17,American
796,0,ADE,Walt,Ader,1913-12-15,American
797,0,HOL,Jackie,Holmes,1920-09-04,American
798,0,LEV,Bayliss,Levrett,1914-02-14,American
799,0,JAC,Jimmy,Jackson,1910-07-25,American
800,0,PAG,Nello,Pagani,1911-10-11,Italian
801,0,POZ,Charles,Pozzi,1909-08-27,French
802,0,SER,Dorino,Serafini,1909-07-22,Italian
803,0,CAN,Bill,Cantrell,1908-01-31,American
804,0,MAN,Johnny,Mantz,1918-09-18,American
805,0,KLA,Danny,Kladis,1917-02-10,American
806,0,GON,Óscar,González,1923-11-10,Uruguayan
807,27,HUL,Nico,Hülkenberg,1987-08-19,German
808,0,PET,Vitaly,Petrov,1984-09-08,Russian
810,0,DIG,Lucas,di Grassi,1984-08-11,Brazilian
811,0,SEN,Bruno,Senna,1983-10-15,Brazilian
812,0,CHA,Karun,Chandhok,1984-01-19,Indian
813,13,MAL,Pastor,Maldonado,1985-03-09,Venezuelan
814,40,DIR,Paul,di Resta,1986-04-16,British
815,11,PER,Sergio,Pérez,1990-01-26,Mexican
816,0,DAM,Jérôme,d'Ambrosio,1985-12-27,Belgian
817,3,RIC,Daniel,Ricciardo,1989-07-01,Australian
818,25,VER,Jean-Éric,Vergne,1990-04-25,French
819,0,PIC,Charles,Pic,1990-02-15,French
820,4,CHI,Max,Chilton,1991-04-21,British
821,21,GUT,Esteban,Gutiérrez,1991-08-05,Mexican
822,77,BOT,Valtteri,Bottas,1989-08-28,Finnish
823,0,VDG,Giedo,van der Garde,1985-04-25,Dutch
824,17,BIA,Jules,Bianchi,1989-08-03,French
825,20,MAG,Kevin,Magnussen,1992-10-05,Danish
826,26,KVY,Daniil,Kvyat,1994-04-26,Russian
827,45,LOT,André,Lotterer,1981-11-19,German
828,9,ERI,Marcus,Ericsson,1990-09-02,Swedish
829,28,STE,Will,Stevens,1991-06-28,British
830,33,VER,Max,Verstappen,1997-09-30,Dutch
831,12,NAS,Felipe,Nasr,1992-08-21,Brazilian
832,55,SAI,Carlos,Sainz,1994-09-01,Spanish
833,98,MER,Roberto,Merhi,1991-03-22,Spanish
834,53,RSS,Alexander,Rossi,1991-09-25,American
835,30,PAL,Jolyon,Palmer,1991-01-20,British
836,94,WEH,Pascal,Wehrlein,1994-10-18,German
837,88,HAR,Rio,Haryanto,1993-01-22,Indonesian
838,2,VAN,Stoffel,Vandoorne,1992-03-26,Belgian
839,31,OCO,Esteban,Ocon,1996-09-17,French
840,18,STR,Lance,Stroll,1998-10-29,Canadian
841,99,GIO,Antonio,Giovinazzi,1993-12-14,Italian
843,28,HAR,Brendon,Hartley,1989-11-10,New Zealander
844,16,LEC,Charles,Leclerc,1997-10-16,Monegasque
845,35,SIR,Sergey,Sirotkin,1995-08-27,Russian
846,4,NOR,Lando,Norris,1999-11-13,British
847,63,RUS,George,Russell,1998-02-15,British
848,23,ALB,Alexander,Albon,1996-03-23,Thai
849,6,LAT,Nicholas,Latifi,1995-06-29,Canadian
850,51,FIT,Pietro,Fittipaldi,1996-06-25,Brazilian
851,89,AIT,Jack,Aitken,1995-09-23,British
852,22,TSU,Yuki,Tsunoda,2000-05-11,Japanese
853,9,MAZ,Nikita,Mazepin,1999-03-02,Russian
854,47,MSC,Mick,Schumacher,1999-03-22,German
855,24,ZHO,Guanyu,Zhou,1999-05-30,Chinese
856,21,DEV,Nyck,de Vries,1995-02-06,Dutch
857,81,PIA,Oscar,Piastri,2001-04-06,Australian
858,2,SAR,Logan,Sargeant,2000-12-31,American
859,40,LAW,Liam,Lawson,2002-02-11,New Zealander
860,38,BEA,Oliver,Bearman,2005-05-08,British
